id,codice,descrizione,prezzo
,1012105,PANNOLINO MUTANDINA PICCOLA,0.41
,31206003,VENTRIERA POST-OPERATORIA,66.99
,31206006,VENTRIERA PER PTOSI VISCERALE,86.63
,31206009,VENTRIERA PER SVENTRAMENTO SEMPLICE,108.53
,31206012,VENTRIERA PER SVENTRAMENTO ADDOME,152.16
,31206015,VENTRIERA PER SVENTRAMENTO ADDOME,193.99
,31206033,CINTO ERNIARIO IN TESSUTO ELASTICO,59.79
,31206036,CINTO ERNIARIO A MOLLA,98.96
,31206039,CINTO ERNIARIO INGUINALE DOPPIO,79.32
,31206042,CINTO ERNIARIO INGUINALE DOPPIO,110.68
,31206045,CINTO ERNIARIO SCROTALE NORMALE,114.17
,31206103,AGG. FORO PER STOMIA SU VENTRIERA,32.04
,31208048,CINTO ERNIARIO SCROTALE SU MISURA,152.82
,33303003,CUSCINO IN FIBRA CAVA SILICONATA,77.47
,33303006,CUSCINO IN GEL FLUIDO,77.47
,33303009,CUSCINO IN MAT.VISCOELASTICO COMPAT.,185.92
,33303012,CUSCINO COMPOSITO CON BASE ANATOMICA,258.23
,33303015,CUSCINO CON BOLLE D'ARIA COMUNIC.,335.7
,33303018,CUSCINO CON BOLLE D'ARIA,0
,33306003,MATERASSO VENTILATO IN ESPANSO,116.2
,33306006,MATER. VENTILATO IN ESPANSO COMPOSITO,258.23
,33306009,MATERASSO IN FIBRA CAVA SILICONATA,167.85
,33306012,MATERASSO IN FIBRA CAVA SILICONATA,232.41
,33306015,MATERASSO AD ACQUA,139.44
,33306018,MATERASSO AD ARIA CON CAMERA,232.41
,33306021,MATER. AD ELEMENTI INTERSCAMBIABILI,0
,33306024,TRAVERSO IN VELLO NATURALE,0
,33306027,TRAVERSA IN MATERIALE SINTETICO,0
,33306030,TRAVERSA IN FIBRA CAVA SILICONATA,0
,33306033,TRAV. A BOLLE D'ARIA MICROINTERSCAMB.,0
,33309003,PROTEZIONE PER TALLONE IN MATERIALE,16.27
,33309006,PROTEZIONE PER TALLONE IN FIBRA CAVA,16.27
,33309009,PROTEZIONE PER GOMITO IN MATERIALE,23.24
,33309012,PROTEZIONE PER GOMITO IN FIBRA CAVA,23.24
,33309015,PROTEZIONE PER GINOCCHIO IN MATERIALE,25.82
,33309018,PROTEZIONE PER GINOCCHIO IN FIBRA,0
,34821003,STABILIZZATORE PER STATICA IN POSTURA,409.03
,34821006,STABILIZZATORE PER STATICA IN POSTURA,536.93
,34821009,STABILIZZATORE PER STATICA IN POSTURA,495.44
,34821033,STABILIZZATORE STATICA POST.ERETTA,381.11
,34821036,STABILIZZATORE STATICA POST. ERETTA,685.99
,34821063,STAB.RE PER STATICA IN POSTURA SUPINA,828.25
,34821066,STAB.RE PER STATICA IN POSTURA SUPINA,984.91
,34821069,STAB.RE PER STATICA IN POSTURA SUPINA,1033.21
,34821081,STAB.RE MOBILE IN POSTURA ERETTA,1524.16
,34821103,TAVOLO DA LAVORO POSIZ.LE IN ALTEZZA,105.27
,34821106,TAVOLO DA LAVORO POS.LE ALTEZZA/INCL.,167.7
,34821109,REGOLAZ. PRONO-SUPINAZIONE PIEDE,60.75
,34821112,REGOLAZ. INTA-EXTRA ROTAZIONE PIEDE,52.35
,34821115,REGOLAZ. FLESSO-ESTENSIONE DEL PIEDE,56.07
,34821118,AGG. SOSTEGNO O PRESA REGOLAB. TRONCO,89.12
,34821121,QUATTRO RUOTE PIROETTANTI MM.80,63.22
,34821124,AGG. REGOLAZIONE PISTONE OLEODINAMICO,246.91
,34821127,AGG. REGOLAZIONE MOTORE ELETTRICO,621.59
,34821136,AGG. REGOLAZIONE PISTONE A GAS,246.91
,34821201,AGG. DISPOSITIVO DI FRENO,121.09
,34821204,AGG. SOSTEGNO PER ARTO SUPERIORE,174.45
,34821207,AGG. DIVARICATORE,60.57
,37809003,STAB.RE DEAMB.RE IN POSIZIONE ERETTA,1697.14
,60309003,BUSTO SU MISURA CON ALL. CENTRALE UOM,112.36
,60309004,BUSTO SU MISURA CON ALL. CENTRALE DON,145.63
,60309005,BUSTO IN STOFFA DOPPIA SU MISURA UOM,162.75
,60309006,BUSTO IN STOFFA DOPPIA SU MISURA DONN,169.22
,60309007,BUSTO STOFFA E ELSTICA SU MISURA UOMO,143.66
,60309008,BUSTO STOFFA E ELASTICA DONNA,162.46
,60309009,BUSTO STOFFA DOPPIA SU MISURA UOMO,192.81
,60309010,BUSTO IN STOFFA DOPPIA SU MISURA DONN,231.59
,60309011,BUSTO IN STOFFA E ALLAC. LATER. UOMO,156.83
,60309012,BUSTO IN STOFFA E ALLAC. LATER. DONNA,202.54
,60309013,BUSTO STOFFA DOPPIA E ALLAC. LAT. UOM,190.95
,60309014,BUSTO STOFFQA DOPPIA E ALL. LAT. DONN,228.21
,60309015,BUSTO IN STOFFA ARMATA SU MISURA,188.13
,60309016,BUSTO IN STOFFA ARMATA SU MISURA,231.54
,60309017,BUSTO IN STOFFA ARMATA SU MISURA,206.26
,60309018,BUSTO IN STOFFA ARMATA SU MISURA,257.03
,60309026,BUSTO RIGIDO CON ASCELLARI,384.2
,60309027,BUSTO RIGIDO CON ASCELLARI,288.39
,60309028,BUSTO RIGIDO CON ASCELLARI,619.4
,60309029,BUSTO RIGIDO CON ASCELLARI,466.9
,60309030,BUSTO RIGIDO CON ASCELLARI,398.22
,60309031,BUSTO RIGIDO CON ASCELLARI,674.12
,60309033,BUSTO RIGIDO SENZA ASCELLARI,440.72
,60309034,BUSTO RIGIDO SENZA ASCELLARI,295.53
,60309035,BUSTO RIGIDO SENZA ASCELLARI,637.25
,60309036,BUSTO A 3 PUNTI PER IPERTEN. DORSOLO.,293.46
,60309038,BUSTO TIPO AGOSTINI,731.54
,60309039,BUSTO TIPO LIONESE,807.82
,60309042,BUSTO LIONESE A DORSO CURVO,861.46
,60309045,BUSTO LIONESE A TRE PUNTI,548.98
,60309048,BUSTO UNIVALVA DORSO LOMBARE,391.02
,60309051,BUSTO UNIVALVA DORSO LOMBARE,500.4
,60309054,BUSTO TIPO CHENEAU,686.45
,60309057,BUSTO BIVALVA DORSO LOMBARE,404.59
,60309060,BUSTO RIGIDO TIPO BOSTON LOMBARE,483.23
,60309063,BUSTO RIGIDO TIPO BOSTON DORSOLOMBARE,576.78
,60309066,BUSTO RIGIDO TIPO BOSTON DORSOLOMBARE,638.99
,60309069,CORSETTO PER DORSO CURVO CON MOLLONE,424.62
,60309070,CORSETTO PER DORSO CURVO CON MOLLONE,284.68
,60309072,CORSETTO PER DORSO CURVO CON MOLLONE,448.83
,60309073,CORSETTO PER DORSO CURVO CON MOLLONE,437.62
,60309075,BUSTO TIPO AGOSTINI ANTIGRAVITARIO,735.42
,60309078,REGGISPALLE CON ASCELLARI,100.77
,60309079,REGGISPALLE CON ASCELLARI,122.67
,60309080,REGGISPALLE CON ASCELLARI,134.54
,60309103,AGG. ASCELLARE CON APPOGGIO METALLICO,130.71
,60309106,AGG. CUSCINETTO MODELLATO DI SOSTEGNO,38.39
,60309109,AGG. FASCIA EPIGASTRICA,26.45
,60309112,AGG. FASCIA AI TROCANTERI,33.66
,60309115,AGG. MOLLA SUPPLEMENTARE,5.23
,60309118,AGG. PATTINA SOTTO PUBE,9.73
,60309121,AGG. SPALLACCI SEMPLICI,25.51
,60309124,AGG. SPALLACCI MODELLATI,29.1
,60309125,AGG. TAGLIA OLTRE CM. 11O,37.61
,60309126,AGG. TESSUTO ALTO FINO ALLE ASCELLE,27.81
,60309127,AGG. TRAZIONE ELASTICA DI RACCORDO,28.94
,60309128,AGG. IMBOTTITURA COMPENSATIVA,18.02
,60309130,AGG. CUSCINETTO DI COMPRESSIONE,28.82
,60309133,AGG. FIBBIA CON ATTACCO,4.84
,60309136,AGG. PIASTRA DI COMPRESSIONE,23.14
,60309139,AGG. RIVESTIMENTO MORBIDO INTERNO,42.84
,60309142,AGG. ASTA DI TRAZIONE,29.21
,60309145,AGG. COLLARE,47.96
,60309148,AGG. GORGERA,114.72
,60309151,CUSCINETTO DI COMPENS. ESTETICA,112.19
,60309154,PELOTTA PER LA EST. SPINTA DORSOLOMB.,62.54
,60309157,AGG. ART. REGISTRABILI A LIVELLO,47.28
,60309163,GORGERA CON ASTA REG. IN ALT. E CIRC.,114.72
,60309169,AGG. PLACCA DI COMPRESSIONE,146.03
,60309172,AGG. PELOTTA PNEUMATICA POSTER.,141.35
,60309223,AGG. PELOTTA ADDOMINALE,9.91
,60309503,RIP. ABBASSARE PARTE ANTERIORE,24.66
,60309506,RIP. ABBASSARE TOTALMENTE STOFFA,31.92
,60309509,RIP. ALLARGARE PARTE ANTERIORE,21.51
,60309512,RIP. ATTACCO ALLACCIATURA,9.12
,60309515,RIP. CUSCINETTO,43.85
,60309518,RIP. FASCIA EPIGASTRICA,31.92
,60309521,RIP. FASCIA AI TROCANTERI,32.71
,60309524,RIP. FETTUCCIA A GANCI,20.99
,60309527,RIP. FIBBIA CON RELATIVO ATTACCO,10.36
,60309530,RIP. GIARRETTIERA COMPLETA,10.07
,60309533,RIP. LACCIO,0.62
,60309536,RIP. LATERALE IN ELASTICO,19.93
,60309539,RIP. MOLLA,4.5
,60309542,RIP. ORLATURA TOTALE,22.46
,60309545,RIP. ORLATURA PARZIALE,14.86
,60309548,RIP. PARTE ANTERIORE IN ELASTICO,50.77
,60309551,RIP. PATTINA SOTTO PUBE,9.73
,60309554,RIP. RIVESTIMENTO AL CUSCINETTO,17.68
,60309557,RIP. SOSTITUZIONE DAVANTINO,32.09
,60309560,RIP. SPALLACCI SEMPLICI,32.09
,60309563,RIP. SPALLACCI MODELLATI,37.38
,60309566,RIP. TELINI CENTRALI ANTERIORI,56.35
,60309569,RIP. TESSUTO ALTO FINO ASCELLE,45.54
,60309572,RIP. TRAZIONE ELASTICA DI RACCORDO,34.06
,60309590,RIP. ALLARGARE PARTE STOFFA,30.68
,60309593,RIP. ALLARGARE PRESA DI BACINO,48.97
,60309596,RIP. ALLUNGARE METALLO E STOFFA,43.63
,60309599,RIP. IMBOTTITURA ASCELLARE,13.63
,60309602,RIP. IMBOTTITURA TRAVERSO SCAPOLARE,38.11
,60309605,RIP. ORLATURA PARZIALE,12.22
,60309608,RIP. PRESA METALLICA CRESTE ILIACHE,138.43
,60309611,RIP. RIVESTIMENTO PLACCA PRESSIONE,15.48
,60309614,RIP. PARTE STOFFA E PELLE,127.56
,60309617,RIP. SALDATURA O CHIODATURA,31.52
,60309620,RIP. TRAVERSO SCAPOLARE,44.13
,60309641,RIP. SMONT.RIMONT.BUSTO A TRE PUNTI,26.97
,60309644,RIP. ADATTAMENTO ANTROPOMETRICO,18.18
,60309645,RIP. APPOGGIO SOTTOASCELLARE,92.61
,60309648,RIP. ASTA ANTERIORE,48.35
,60309651,RIP. ASTA POSTERIORE,48.35
,60309654,RIP. CERNIERA PER PRESA DI BACINO,29.21
,60309657,RIP. CERNIERA SUPPORTO POSTERIORE,19.53
,60309660,RIP. CUSCINETTO DI APPOGGIO,15.09
,60309663,RIP. CUSCINETTO PER PIASTRINA,15.76
,60309666,RIP. CUSCINETTO SOTTO ASCELLARE,15.09
,60309669,RIP. PELOTTA ANTERIORE,48.35
,60309672,RIP. PELOTTA DORSALE,82.13
,60309675,RIP. PELOTTA LOMBARE,82.13
,60309678,RIP. PIASTRINA INSERTI FILETTATI,22.68
,60309681,RIP. PIASTRINA INSERTI FILETTATI,16.44
,60309684,RIP. PIASTRINA DI CONGIUNZIONE,16.44
,60309687,RIP. PIASTRINA FORATA PER PELOTTA,16.44
,60309690,RIP. PIASTRINA SAGOMATA,14.98
,60309693,RIP. PIASTRINA A TRIFOGLIO,16.88
,60309696,RIP. VALVA LATERALE MODELLATA,268.41
,60309699,RIP. PLACCA STERNALE RINFORZATA,187.4
,60309702,RIP. PLACCA DORSALE,163.48
,60309705,RIP. ASTA MONTANTE LATERALE,22.29
,60309743,RIP. ASTA DI RINFORZO ANTERIORE,39.29
,60309746,RIP. ASTA DI RINFORZO POSTERIORE,39.29
,60309749,RIP. PELOTTA ADDOMINALE,20.1
,60309752,RIP. ADATTAMENTO PRESA DI BACINO,41.77
,60309773,RIP. SMONT. RIMONT. BUSTO BOSTON,17.73
,60309776,RIP. CUSCINETTO DI SPINTA STERNALE,56.69
,60309779,RIP. FORCELLA DI SPINTA ACROMIALE,74.59
,60309782,RIP. RIVESTIMENTO CUSCINETTO,15.48
,60309785,RIP. MOLLONE E/O SPINTA STERNALE REG.,126.66
,60312003,COLLARE PREDISPOSTO IN GOMMA PIUMA,26.06
,60312006,COLLARE PRESISPOTO DI PLASTICA REGIS.,32.31
,60312009,COLLARE APPOGGIO OCCIPITO-MENTONIERO,58.54
,60312012,COLLARE BIVALVA IN MAT. SINTETICO,62.26
,60315003,MINERVA O GORGERA SU MISURA,265.87
,60315006,MINERVA O GORGERA SU MISURA,203.5
,60315009,MINERVA O GORGERA SU MISURA,289.85
,60315012,MINERVA O GORGERA SU MISURA,269.43
,60315015,MINERVA O GORGERA SU MISURA,293.18
,60315033,MINERVA O GORGERA TIPO BIVALVA,219.55
,60318003,BUSTO TIPO MILWAUKEE,613.71
,60318006,BUSTO TIPO MILWAUKEE,411.56
,60318009,BUSTO TIPO MILWAUKEE,736.26
,60318033,BUSTO STATICO EQUILIBRATO,611.06
,60318103,AGG. ANELLO ASCELLARE CON ATTACCHI,71.66
,60318106,AGG. APPOGGIO SOTTOASCELLARE,11.65
,60318109,AGG. RIVESTIMENTO MORBIDO INTERNO,37.32
,60318112,AGG. FORCELLA DI SPINTA ACROMIALE,63.61
,60318163,CUSCINETTO DI COMPRESSIONE,28.82
,60318166,RIVESTESTIMEN. TOTALE INTERNO MORBIDO,47.12
,60318169,RIVESTIMENTO PARZIALE ANTIDECUBITO,90.58
,60318172,CONTENTORE ADDOMINALE ELASTICIZZATO,26.57
,60318175,PROLUNG. PRESA DI BACINO SACRO-ISCH.,109.77
,60318178,PROL. PRESA DI BACINO ISCHIO-FEMORALE,387.19
,60318181,PRESA SCAPOLO OMERALE RIGIDA CORTA,64.74
,60318184,PRESA SCAPOLO OMERALE RIGIDA LUNGA,101.45
,60318187,SOSTEGNO OCCIPITALE FISSO,80.55
,60318190,SOSTEGNO ACCIPITALE REGISTRABILE,124.02
,60318193,PRESSORE ARTICOLATO STERNALE,101.89
,60318503,RIP. SMONT. RIMONT. BUSTO MILWAUKEE,26.97
,60318506,RIP. ADATTAMENTO ANTROPOMETRICO,18.18
,60318509,RIP. APPOGGIO IOIDEO,20.72
,60318512,RIP. APPOGGIO OCCIPITALE SEMPLICE,20.72
,60318515,RIP. ASTA ANTERIORE,11.31
,60318518,RIP. ASTA POSTERIORE,12.16
,60318521,RIP. COLLARE COMPLETO,36.87
,60318524,RIP. CUSCINETTO DI COMPRESSIONE,30.29
,60318527,RIP. GUAINA DI RIVESTIMENTO ASTA,5.57
,60318530,RIP. ELEMENTO DI COMPRESSIONE,32.87
,60318533,RIP. PRESA DI BACINO,304.33
,60318536,RIP. RIVESTIMENTO MORBIDO INTERNO,41.32
,60318539,RIP. CINGHIA ED ATTACCO CON FIBBIA,8.33
,60318542,RIP. ATTACCO CON FIBBIA,6.37
,60318545,RIP. CINGHIA,3.77
,60318548,RIP. PRESA DI BACINO PRE-FABBRICATA,221.58
,60318551,RIP. PRESA DI BACINO IN CUOIO FODER.,345.81
,60318563,RIP. SMONTAGGIO E RIMONTAGGIO,26.97
,60318566,CUSCINETTI DI COMPRESSIONE,36.87
,60318569,RIVESTIMENTO PARZIALE ANTIDECUBITO,99.64
,60318572,RIVESTIMENTO TOTALE INTERNO,56.18
,60318575,CERNIERE O GANCIO CHIUSURA,32.31
,60318578,CONTENTORE ADDOMINALE ELASTICIZZATO,21.73
,60606003,DOCCIA PER MANO E DITA,131.84
,60606006,DOCCIA PER MANO E DITA,71.16
,60609003,TUTORE PER POLSO (AVAMBRACCIO),190.73
,60609006,TUTORE PER POLSO (AVAMBRACCIO),116.59
,60612003,DOCCIA PER POLSO O AVAMBRACCIO,162.63
,60612006,DOCCIA PER POLSO O AVAMBRACCIO,94.07
,60612009,DOCCIA PER POLSO O AVAMBRACCIO,194.89
,60613009,TUTORE PER MANO E DITA,62.03
,60613012,TUTORE PER MANO E DITA,72.74
,60613015,TUTORE PER MANO E DITA,39.63
,60613018,TUTORE PER MANO E DITA,40.59
,60613021,TUTORE PER MANO E DITA,62.1
,60613024,TUTORE PER MANO E DITA,73.52
,60613030,TUTORE PER MANO E DITA,93.45
,60613033,TUTORE PER MANO E DITA,46.33
,60613036,TUTORE PER MANO E DITA,54.43
,60613039,TUTORE PER MANO E DITA,63.05
,60613042,TUTORE PER MANO E DITA,66.65
,60615003,DOCCIA PER BRACCIO,175.02
,60615009,DOCCIA PER BRACCIO,220.22
,60615015,TUTORE GOMITO ARTIC. CON TRAZ. ELAST.,330.62
,60615018,TUTORE PER BRACCIO E AVAMBRACCIO,223.94
,60615021,TUTORE PER BRACCIO E AVAMBRACCIO,412.47
,60615024,TUTORE PER BRACCIO E AVAMBRACCIO,280.74
,60630003,DOCCIA TORACO-ANTIBRACHIALE UNILAT.,322.39
,60630006,DOCCIA TORACO-ANTIBRACHIALE UNILAT.,362.36
,60630009,DOCCIA TORACO-ANTIBRACHIALE UNILAT.,457.16
,60630012,DOCCIA TORACO-ANTIBRACHIALE UNILAT.,499.44
,60630033,TUTORE SPALLA CON MOLLA EXTRAROTANTE,446.52
,60630103,AGG. PALMARE SFILABILE,44.81
,60630106,AGG. TENDITORE PER REGOLAZIONE,49.2
,60630109,RIVESTIMENTO ANALLERGICO PER MANO,17.95
,60630112,RIVESTIMENTO ANALLLERGICO PER POLSO,20.55
,60630115,RIVESTIMENTO ANALLERGICO PER GOMITO,30.23
,60630118,RIVESTIMENTO ANALLERGICO PER TORACO,72.45
,60630121,BLOCCAGGIO ARTIC. POLSO E GOMITO,38.34
,60630124,MOLLA PER ARTICOLAZIONE,23.64
,60630127,ARTIC. PER PRONO-SUPIN. AVANBRACCIO,141.58
,60630130,SEPARADITA AL PALMARE,35.92
,60630163,AGG. ARRESTO GRADUABILE,52.97
,60630166,AGG. ARRESTO A SCATTO AL GOMITO,81.9
,60630169,AGG. ARRESTO A SCATTO AL GOMITO,139.72
,60630172,AGG. ARTICOLAZIONE DI SPALLA,244.31
,60630175,AGG. PRESA RIGIDA ALLA SPALLA,76.17
,60630503,RIP. ALLACCIATURA ELEMENTO MOBILE,10.87
,60630506,RIP. ARTICOLAZIONE PER POLSO,24.49
,60630509,RIP. ARTICOLAZIONE PER GOMITO,24.49
,60630512,RIP. ARTICOLAZIONE PER SPALLA,74.82
,60630515,RIP. ATTACCO CON FIBBIA,6.37
,60630518,RIP. CINGHIA,6.14
,60630524,RIP. MOLLA PER POLSO,23.64
,60630527,RIP. RIVESTIMENTO PER DOCCIA,17.95
,60630530,RIP. RIVESTIMENTO PER DOCCIA,20.55
,60630533,RIP. RIVESTIMENTO PER DOCCIA,30.23
,60630536,RIP. RIVESTIMENTO PER DOCCIA,72.45
,60630539,RIP. BLOCCAGG PER ART. AL POLS.GOMITO,39.74
,60630563,RIP. SMONT.E RIMONT.ARTICOL.POLSO,18.13
,60630566,RIP. SMONT.E RIMONT.ARTIC.GOMITO,18.13
,60630569,RIP. SMONT.E RIMONT.ARTICOL.SPALLA,18.13
,60630572,RIP. ALLACCIATURA ELEMENTO MOBILE,11.26
,60630575,RIP. ARRESTO GRADUABILE AL POLSO,36.65
,60630578,RIP. ARRESTO A SCATTO AL GOMITO,70.71
,60630581,RIP. ARRESTO SCATTO AL GOMITO,100.26
,60630584,RIP. ARTICOLAZIONE PER POLSO,82.41
,60630587,RIP. ARICOLAZIONE PER GOMITO,86.08
,60630590,RIP. ARTICOLAZIONE PER SPALLA,74.82
,60630593,RIP. ATTACCO CON FIBBIA,6.37
,60630596,RIP. CINGHIA,6.14
,60630599,RIP. MOLLA PER POLSO,23.64
,60630602,CONTENTORE COMPLETO DI BRACCIO E AVA.,156.83
,60630605,RIP. MOLLA EXTRAROTATORIA,56.35
,61203003,PLANTARE SU MISURA,21.4
,61203006,PLANTARE SU MISURA,24.15
,61203009,PLANTARE SU MISURA,26.57
,61203012,PLANTARE SU MISURA,30.4
,61203015,PLANTARE SU MISURA,32.65
,61203018,PLANTARI CORRETTIVI E/O DI SCARICO,32.04
,61203021,PLANTARI CORRETTIVI E/O DI SCARICO,34.56
,61203024,PLANTARE MODELLATO,39.4
,61203027,PLANTARE MODELLATO,44.58
,61203030,PLANTARE MODELLATO SUL PAZIENTE,51.96
,61203033,PLANTARE MODELLATO SUL PAZIENTE,53.76
,61203036,PLANTARE MODELLATO SCOLPITO SU MISURA,51.51
,61203039,PLANTARE MODELLATO SCOLPITO SU MISURA,59.56
,61203042,PLANTARE SU MODELLO,64.45
,61203045,PLANTARE SU MODELLO,71.89
,61203051,PLANTARE SU MODELLO,80.55
,61203054,PLANTARE SU MODELLO,74.87
,61203057,PLANTARE SU MODELLO,83.15
,61203060,PLANTARE SU MODELLO,84.5
,61203063,PLANTARE SU MODELLO,92.72
,61203066,RIALZO TOTALE INTERNO SU MISURA 4CM,87.25
,61203069,RIALZO TOTALE INTERNO SU MISURA 4CM,99.58
,61203072,RIALZO TOTALE ESTERNO SU MISURA 4cm,42.39
,61203075,RIALZO TOTALE ESTERNO SU MISURA 4 cm,44.03
,61203078,RIALZO TOTALE ESTERNO SU MISURA 4/8cm,49.88
,61203081,RIALZO TOTALE ESTERNO SU MISURA 4/8cm,52.75
,61203084,RIALZO TOTALE ESTERNO SU MISURA 8 CM,53.26
,61203087,RIALZO TOTALE ESTERNO SU MISURA 8 cm,56.12
,61203090,RIALZO ESTERNO RIVESTITO 4 cm,82.92
,61203093,RIALZO ESTERNO RIVESTITO 4 CM,85.4
,61203096,RIALZO ESTERNO RIVESTITO 4/8CM,92.49
,61203099,RIALZO ESTERNO RIVESTITO 4/8CM,97.5
,61203102,RIALZO ESTERNO RIVESTITO 8 cm.,98.07
,61203103,RIVESTIMENTO AL PLANTARE,5.85
,61203105,RIALZO ESTERNO RIVESTITO 8cm,105.22
,61203106,AGG. COMPENSO DI RIEMPIMENTO,30.17
,61203109,AGG. RIALZO CALCANEARE FINO CM.3,12.38
,61203503,ADATTAMENTO E/O CORREZIONI,7.26
,61203506,SOSTITUZIONE SOTTOPIEDE,5.85
,61206003,DOCCIA GAMBA-PIEDE,201.03
,61206006,DOCCIA GAMBA PIEDE,114.17
,61206009,TUTORE GAMBA-PIEDE,269.09
,61206012,TUTORE GAMBA-PIEDE,413.02
,61206018,TUTORE PER SOLA GAMBA RIGIDO,267.06
,61206024,TUTORE GAMBA-PIEDE CARAT. DINAMICHE,90.3
,61206027,TUTORE GAMBA-PIEDE CARAT. DINAMICHE,316.2
,61206030,TUTORE GAMBA-PIEDE CARAT. DINAMICHE,90.92
,61206033,TUTORE GAMBA-PIEDE CARAT. DINAMICHE,138.04
,61206036,TUTORE GAMBA-PIEDE CARAT. DINAMICHEA,67.05
,61206039,TUTORE GAMBA-PIEDE CARAT. DINAMICHE,111.18
,61206042,TUTORE GAMBA-PIEDE CARAT. DINAMICHE,116.8
,61206045,TUTORE GAMBA-PIEDE CARAT. DINAMICHE,249.22
,61209003,DOCCIA COSCIA-GAMBA,245.27
,61209012,DOCCIA COSCIA-GAMBA GINOCCHIO FLESSO,266.67
,61209024,TUTORE COSCIA-GAMBA,360.28
,61209027,TUTORE COSCIA-GAMBA,426.15
,61209030,TUTORE COSCIA-GAMBA,151.88
,61209033,TUTORE COSCIA-GAMBA,107.91
,61212003,DOCCIA COSCIA-GAMBA-PIEDE,293.62
,61212012,DOCCIA COSCIA-GAMBA-PIEDE GIN. FLESSO,313.39
,61212021,STECCA PER GINOCCHIO VALGO O VARO,74.25
,61212027,STAFFA DI SCARICO O THOMAS,232.55
,61212030,STAFFA DI SCARICO O THOMAS,259.74
,61212033,STAFFA DI SCARICO O THOMAS,333.93
,61212039,STAFFA DI SCARICO O THOMAS,390.18
,61212048,TUTORE PER COSCIA-GAMBA-PIEDE,554.05
,61212051,TUTORE PER COSCIA-GAMBA-PIEDE,577.85
,61212054,TUTORE PER COSCIA-GAMBA-PIEDE,371.04
,61215003,DOCCIA BACINO-COSCIA (PELVIFEMORALE),371.31
,61215009,DIVARICATORE (PREDISPOSTO),53.6
,61215012,DIVARICATORE (PREDISPOSTO),32.31
,61215015,DIVARICATORE (PREDISPOSTO),64
,61215018,DIVARICATORE (PREDISPOSTO),94.63
,61215021,DIVARICATORE (PREDISPOSTO),42.55
,61215033,TUTORE PER BACINO-COSCIA RIGIDO,448.15
,61215036,TUTORE PER BACINO-COSCIA RIGIDO,509.74
,61215039,TUTORE PER BACINO-COSCIA RIGIDO,339.73
,61218003,DOCCIA BA-CO-GA-PIE. PELVIPODALICA,411.95
,61218103,AGG. ARTICOLAZIONE POSTERIORE,69.8
,61218106,AGG. ARTICOL. DI ADDUZIONE-ABDUZIONE,42.89
,61218109,AGG. ARTICOLAZIONE TIBIO TARSICA,51
,61218112,AGG. ASTA DI DIVARICAZIONE,30.01
,61218115,AGG. ARTICOLAZIONE PER GINOCCHIO,61.08
,61218118,AGG. SETTORE O TENDITORE,47.96
,61218121,AGG. CONTENITORE IMBOT. PER GINOCCHIO,43.85
,61218124,AGG. ALETTA O BARRA POSIZIONATRICE,15.19
,61218127,AGG. RIVESTIMENTO DOCCIA PER CAVIGLIA,28.71
,61218130,AGG. RIVESTIMENTO DOCCIA PER GINOCCHI,38.23
,61218133,AGG. RIVESTIMENTO DOCCIA PER PELVIFEM,56.52
,61218136,AGG. RIVEST. DOCCIA PER PELVIPODALICA,56.52
,61218163,AGG. ARTICOLAZIONE COXOFEMORALE,96.54
,61218166,AGG. CONTENTORE PER GINOCCHIO,43.85
,61218175,AGG. TRAZIONE ELASTICA AL PIEDE,17.17
,61218178,AGG. ARTICOLAZIONE AL GINOCCHIO,,134.43
,61218193,AGG. ARTICOLAZIONE MALLEOLARE,28.37
,61218196,AGG. ARTICOLAZIONE MALLEOLARE,56.41
,61218199,AGG. ARTICOLAZIONE MALLEOLARE,109.77
,61218202,AGG. ARTICOLAZIONE MALLEOLARE,130.82
,61218208,AGG. ARMATURA CALCANEARE,45.04
,61218211,AGG. INSERTI DI CARBONIO ALLA T.T.,74.7
,61218214,AGG. RIV. MORBIDO INTERNO AL SANDALO,16.67
,61218217,AGG. SCARPETTA DI CONTENZIONE,67.27
,61218220,AGG. PIEDE RIGIDO,139.95
,61218223,AGG. ASTA ALLUNGABILE,35.58
,61218226,AGG. CONTENITORE IMBOT. PER GINOCCHIO,43.85
,61218229,AGG. CUSCINETTO DI CONTENZIONE,26.97
,61218232,AGG. ESTETIZZAZIONE PER POLPACCIO,126.44
,61218235,AGG. PROLUNGA PER LEVA,18.57
,61218238,AGG. RIVESTIM. POSTER. DI CONTENZIONE,39.69
,61218253,AGG. ARTICOLAZIONE AL GINOCCHIO,56.69
,61218256,AGG. ARTICOLAZIONE AL GINOCCHIO,97.45
,61218257,AGG. ARTICOLAZIONE AL GINOCCHIO,107.25
,61218257,AGG. ARTICOLAZIONE AL GINOCCHIO,107.25
,61218259,AGG. ARTICOLAZIONE AL GINOCCHIO,160.27
,61218262,AGG. ARTICOLAZIONE AL GINOCCHIO,134.43
,61218263,AGG. ARTICOLAZIONE AL GINOCCHIO,222.47
,61218265,AGG. ARTICOL. AL GINOCCHIO CON FLESSO,293.96
,61218268,AGG. ARTICOLAZIONE AL GINOCCHIO,890.06
,61218271,AGG. ARTICOLAZIONE AL GINOCCHIO,177.6
,61218280,AGG. ARTICOLAZIONE AL GINOCCHIO,65.41
,61218283,AGG. ARTICOLAZ. COXO FEMORALE LIBERA,176.14
,61218286,AGG. ARTICOLAZIONE COXO FEMORALE,198.21
,61218289,AGG. ARTIC. COXO-FEMORALE CON ARRESTO,227.77
,61218292,AGG. ARTICOLAZIONE COXO-FEMORAOLE,302.36
,61218295,AGG. ARTICOLAZIONE COXO FEMORALE,1023.76
,61218313,AGG. APPOGGIO ISCHIATICO CON IMBOTTI.,43.17
,61218316,AGG. RIVEST. PER SCARPETTA DI CONTEN.,29.83
,61218319,AGG. RIALZO APPLICABILE AL SANDALO,45.09
,61218322,AGG. RIALZO APPLICABILE AL SANDALO,79.66
,61218325,AGG. CINTURA ADDOMINALE PER ARTICOLA.,43.01
,61218328,AGG. RIVEST. DELLE DUE ASTE VERTICALI,79.6
,61218503,RIP. ALLACCIATURA ELEMENTO MOBILE,10.02
,61218506,RIP. ATTACCO CON FIBBIA,6.37
,61218509,RIP. CINGHIA,6.14
,61218512,RIP. RIVESTIMENTO PER CAVIGLIA,28.2
,61218515,RIP. RIVESTIMENTO PER GINOCCHIO,38.23
,61218518,RIP. RIV. DOCCIA PER PELVIFEMORALE,56.52
,61218521,RIP. RIVESTIMENTO PER DOCCIA UNILA,56.52
,61218533,RIP. ALLACCIATURA ELEMENTO MOBILE,10.02
,61218536,RIP. CERCHIELLO,23.2
,61218539,RIP. ATTACCO CON FIBBIA,5.8
,61218542,RIP. CINGHIA,6.14
,61218545,RIP. SANDALO,32.31
,61218563,RIP. CINTURA ADDOMINALE,20.83
,61218566,RIP. RIVESTIMENTO ANTISDRUCCIOLO,26.18
,61218569,RIP. TRAZIONE ELASTICA AL PIEDE,87.03
,61218572,RIP. STAFFE ALLACCIATURA MOB. O FISS.,10.02
,61218593,RIP. SMONT. RIMONT. ARTIC. TIBIOTARS.,14.36
,61218596,RIP. SMONT.RIMONT.ARTIC.GINOCCHIO,14.36
,61218599,RIP. SMONT.RIMONT.ARTICOL.ANCA,14.36
,61218602,RIP. ALLACCIATURA ELEMENTO MOB. FIS,10.64
,61218605,RIP. ALLUNGAMENTO DELL'ASTA,68.96
,61218608,RIP. ASTA MALLEOLARE RIGIDA,38.34
,61218611,RIP. ATTACCO CON FIBBIA,6.81
,61218614,RIP. CINGHIA,6.53
,61218617,RIP. COPRIARTICOLAZIONE GINOCCHIO,4.39
,61218620,RIP. COPRIARTICOLAZIONE MALLEOLA.,4
,61218623,RIP. CONTENTORE PER GINOCCHIO,46.61
,61218626,RIP. CUSCINETTO DI CONTENZIONE,27.98
,61218629,RIP. ELEMENTO DI CONTENZIONE,71.89
,61218632,RIP. ELEMENTO DI CONTENZIONE,71.89
,61218635,RIP. ESTETIZZAZIONE DEL POLPACCIO,126.44
,61218638,RIP. FISSAGGIO CERCHIELLO,18.29
,61218641,RIP. PROLUNGA PER LEVA,16.21
,61218653,RIP. REVISIONE ARTICOLAZIONE,28.48
,61218656,REVISIONE ARTICOLAZIONE GINOCCHIO,28.48
,61218659,RIP. ARTICOLAZIONE LIBERA,28.48
,61218662,RIP. ARTICOLAZIONE BLOCCABILE,28.48
,61218665,RIP. REVISIONE ARTICOLAZIONE,28.48
,61218668,RIP. REVISIONE ARRESTO,28.48
,61218671,RIP. REVISIONE ARRESTO,28.48
,61218674,RIP. RIVESTIMENTO DI CONTENZIONE,215.89
,61218683,RIP. RIALZO AL SANDALO FINO A cm.5,45.09
,61218686,RIP. RIALZO AL SANDALO OLTRE cm.5,79.66
,61218689,RIP. RIVESTIMENTO DI CONTENZIONE,151.04
,61218692,RIP. SANDALO,76.17
,61218695,RIP. APPOGGIO ISCHIATICO,55.5
,61218701,RIP. ARTICOLAZIONE GINOCCHIO LIBERA,106.5
,61218704,RIP. ARTIC.GINOCC. CON BLOCCAGGIO,163.93
,61218707,RIP. ARTICOL. GINOCCHIO CON ASTA,114.61
,61218710,RIP. R-GO E AR-GO PREV. DECOR. GARAN.,312.76
,61218713,RIP. R-GO E AG-GO PREV. DECOR. GARAN.,899.12
,61218719,RIP. ASTA PER COSCIALE,48.3
,61218722,RIP. CERCHIELLO,36.08
,61218725,RIP. MOLLA INTERNA,46.16
,61218728,RIP. RIVESTIMENTO CERCHIELLO,21.33
,61218731,RIVESTIMENTO SCARPETTA DI CONTENZIONE,43.63
,61218734,RIP. SCARPETTA DI CONTENZIONE,76.33
,61218737,RIP. SUOLETTA METALLICA,35.19
,61218740,RIP. ASTA DEL COSCIALE,75.99
,61218743,RIP. ASTA DEL GAMBALE,59.84
,61218746,RIP. PIEDE RIGIDO,173.55
,61218749,ARTICOLAZIONE AL MALLEOLO,65.19
,61218752,ARTIC.AL MALL. CON SPINTA AL TALISMO,121.82
,61218755,ARTICOLAZIONE AL MALLEOLO,139.95
,61218773,RIVESTIM. MORBIDO INTERNO AL SANDALO,19.09
,61218776,ARTICOLAZIONE COXO FEMORALE LIBERA,185.2
,61218779,ARTICOLAZ. COXO FEMORALE CON ARRESTO,207.33
,61218782,RIP. ARTIC. COXOFEMOR. ARTICOLATA,236.82
,61218785,ARTICOLAZIONE COXO FEMORALE,311.41
,61218788,RIP. R-GO E AR-GO,1023.76
,61218791,RIP. R-GO E AR-GO,29.62
,61218794,RIP. R-GO E AR-GO,77.06
,61218797,RIP. R-GO E AR-GO,226.81
,61218800,RIP. R-GO E AR-GO,122.1
,61218803,RIP. R-GO E AR-GO,85.85
,61218806,RIP. R-GO E AR-GO,163.82
,61218809,RIP. R-GO E AR-GO,293.69
,61218812,RIP. R-GO E AR-GO,55
,61218815,RIP. R-GO E AR-GO,267.68
,61218818,RIP. R-GO E AR-GO,231.31
,61218821,RIP. R-GO E AR-GO,81.85
,61218830,IMBOTTITURA E APPOGGIO ISCHIATICO,37.5
,61218833,CINTURA ADDOMINALE PER ART. COXO FEM.,61.08
,61803003,PROTESI PER AMPUTAZIONE DITA,135.16
,61803033,PROTESI PER AMPUTAZIONE DITA E MANO,250.62
,61803036,PROTESI PER AMPUTAZIONE DITA E MANO,306.41
,61803039,PROTESI PER AMPUTAZIONE DITA E MANO,376.38
,61803042,PROTESI PER AMPUTAZIONE DITA E MANO,418.71
,61803045,PROTESI PER AMPUTAZIONE DITA E MANO,474.5
,61803060,PROTESI PER AMPUTAZIONE DITA E MANO,270.78
,61803063,PROTESI PER AMPUTAZIONE DITA E MANO,402.67
,61803072,FUNZIONALE AD ENERGIA CORPOREA,664.94
,61806003,PROTESI PER DISARTICOLAZIONE DI POLSO,484.92
,61806009,PROTESI PER DISARTICOLAZIONE DI POLSO,568.85
,61806033,PROTESI PER DISARTICOLAZIONE DI POLSO,999.5
,61806039,PROTESI PER DISARTICOLAZIONE DI POLSO,1116.37
,61806042,PROTESI PER DISARTICOLAZIONE DI POLSO,6567.51
,61809012,PROTESI TRANSRADIALI,601.9
,61809018,PROTESI TRANSRADIALI,685.83
,61809033,PROTESI PER DISARTICOLAZIONE DI POLSO,999.5
,61809039,PROTESI PER DISARTICOLAZIONE DI POLSO,1097.5
,61809063,PROTESI PER DISARTICOLAZIONE DI POLSO,6567.51
,61809066,PROTESI PER DISARTICOLAZIONE DI POLSO,7180.49
,61809069,PROTESI PER DISARTICOLAZIONE DI POLSO,8437.25
,61812003,PROTESI PER DISARTICOLAZIONE GOMITO,1384.38
,61812009,PROTESI PER DISARTICOLAZIONE GOMITO,1230.86
,61812033,PROTESI PER DISARTICOLAZIONE GOMITO,1795.88
,61812039,PROTESI PER DISARTICOLAZIONE GOMITO,1912.7
,61812063,PROTESI PER DISARTICOLAZIONE GOMITO,7965.35
,61812066,PROTESI PER DISARTICOLAZIONE GOMITO,9699.76
,61815003,PROTESI TRANSOMERALI,1384.38
,61815009,PROTESI TRANSOMERALI,1230.86
,61815033,PROTESI TRANSOMERALI,1208.46
,61815039,PROTESI TRANSOMERALI,1292.34
,61815063,PROTESI TRANSOMERALI,1795.88
,61815069,PROTESI TRANSOMERALI,1912.7
,61815081,PROTESI TRANSOMERALI,8354.96
,61815084,PROTESI TRANSOMERALI,10089.42
,61815087,PROTESI TRANSOMERALI,12204.89
,61815090,PROTESI TRANSOMERALI,13251.78
,61815118,AGG. GUANTO DI RIVESTIMENTO COSMETICO,121.25
,61815121,AGG. GUANTO DI RIVESTIMENTO IN PELLE,49.15
,61815127,AGG. POLSO A ROTAZIONE PASSIVA,84.94
,61815130,AGG. POLSO CON ARTIC. SFERICA PASSIVA,175.24
,61815136,AGG. INVASATURA AD ADERENZA TOTALE,126.89
,61815139,AGG. INVASATURA AD ADERENZA TOTALE,162.86
,61815141,AGG. INVASATURA IN MATER. ANALLERGICO,103.87
,61815163,AGG. GANCIO FUNZIONALE CON ATTACCO,487.95
,61815166,AGG. GANCIO FUNZIONALE CON ATTACCO,1017.23
,61815169,AGG. GUANTO DI RIVESTIMENTO COSMETICO,121.37
,61815178,AGG. MANO INTERCAMBIABILE CON ATTACCO,360.45
,61815184,AGG. MOLTIPLICATORE DI AMPIEZZA,201.53
,61815187,AGG. POLSO CON ARTICOLAZIONE ATTIVA,528.43
,61815190,AGG. POLSO CON ARTICOLAZIONE SFERICA,504.17
,61815193,AGG. INVAS. RIVEST. MATE. ANALLERGICO,103.87
,61815503,RIP. SMONT.E RIMONT.DELLA MANO,31.13
,61815506,RIP. SMONT. E RIMONT. DEL POLSO,31.13
,61815509,RIP. SMONT. E RIMONT. DEL GOMITO,36.31
,61815511,RIP. SMONT. E RIMONT. GUANTO COSMETI.,18.13
,61815545,RIP. BRETELLAGGIO PER PROTESI BRACCIO,168.32
,61815578,RIP. GOMITO CON BLOCC. CON AVAMBRACCI,375.98
,61815581,RIP. REVISIONE GOMITO CON BLOCCAGGIO,72.56
,61815596,RIP. GUANTO DI RIVESTIMENTO COSMETICO,130.32
,61815599,RIP. GUANTO RIVEST.PER MANO ORTOPEDIC,49.15
,61815605,RIP. INVASATURA PROTESI DI AVAMBRACCI,399.52
,61815608,RIP. INVASATURA CON PRESA OLEOCRANICA,490.1
,61815611,RIP. ADATTAMENTO INVASAT.OLEOCRANICA,72.56
,61815623,RIP. INVASATURA PER AMPUTAZ.BRACCIO,478.66
,61815626,RIP. INVASATURA AD ADERENZA TOTALE,569.24
,61815629,RIP. ADATTAMENTO INVAS.ADERENZA TOTAL,72.56
,61815653,RIP. MANO CON DITA RIGIDE,125.2
,61815665,RIP. MANO CON DITA RIGIDE POLLICE ART,209.13
,61815668,RIP. REVISIONE DITA RIG.POLLICE ARTIC,72.56
,61815672,RIP. MANO INVOLUCRO MORBIDO,92.27
,61815675,RIP. MANO INDICE, MEDIO E POLLICE,137.24
,61815677,RIP. POLSO FISSO,88.72
,61815683,RIP. POLSO A ROTAZIONE PASSIVA,150.19
,61815689,RIP. POLSO SFERICO PASSIVO,240.49
,61815692,RIP. REVISIONE POLSO SFERICO PASSIVO,54.43
,61815701,RIP. POLSO CUSCINETTO SALVA MANICA,22.97
,61815733,RIP. SMONT. E RIMONT. DELLA MANO,29.05
,61815736,RIP. SMONT. E RIMONT. DEL POLSO,31.92
,61815739,RIP. SMONT. E RIMONT. DEL GOMITO,36.31
,61815740,RIP. SMONT. E RIMONT. GUANTO COSMETI.,18.13
,61815745,RIP. ARTIC.PER LA FLESSO ESTENSIONE,549.32
,61815751,RIP. REVISIONE UNITA'SOLL.AVAMBRACCIO,72.56
,61815754,RIP. CAVETTO TRAZIONE,35.81
,61815757,RIP. ARTO ARTICOLATO LATERALI,753.5
,61815760,RIP. MECCANISMO INTERNO ARTO ARTICOL.,402.72
,61815763,RIP. REVISIONE MECCANISMO INTERNO,40.65
,61815764,RIP. CAVETTO TRAZIONE,43.07
,61815766,RIP. ATTACCO PER MANO,237.11
,61815769,RIP. ATTACCO PER GANCIO,237.11
,61815778,RIP. BRETELLAGGIO PER PROT.AVAMBRACCI,127.33
,61815779,RIP. BRETELLAGGIO PER PROTESI BILATER,186.44
,61815781,RIP. PER PROTESI AMPUTAZIONE BRACCIO,155.03
,61815784,RIP. CALOTTA DI PRESA DEL MONCONE,545.49
,61815787,RIP. REVISIONE CALOTTA PRESA MONCONE,54.43
,61815796,RIP. CUSCINETTO SALVA INDUMENTI,22.97
,61815799,RIP. FILO TRAZIONE C/RELATIVI ATTACCH,215.6
,61815802,RIP. FILO TRAZIONE C/RELATIVI ATTACCH,215.6
,61815805,RIP. GANCIO FUNZIONALE CON ATTACCO,487.95
,61815808,RIP. GANCIO FUNZIONALE CON ATTACCO,1017.23
,61815811,RIP. GANCIO FUNZIONALE CON ATTACCO,36.31
,61815814,RIP. GANCIO FUNZIONALE CON ATTACCO,16.61
,61815817,RIP. GANCIO FUNZIONALE CON ATTACCO,10.36
,61815820,RIP. GANCIO FUNZIONALE CON ATTACCO,12.04
,61815823,RIP. GANCIO FUNZIONALE CON ATTACCO,55.16
,61815826,RIP. GUAINA CON ATTACCHI TERMINALI,92.27
,61815829,RIP. GUANTO DI RIVESTIMENTO COSMETICO,130.32
,61815838,RIP. INVASATURA PER AMP.AVAMBRACCIO,472.13
,61815841,RIP. INVAS. CON RIVE. MAT. ANALLERGIC,503.32
,61815844,RIP. ADATTAMENTO INVASATURA,72.56
,61815847,RIP. INVASATURA PER AMPUT. DI BRACCIO,551.22
,61815850,RIP. INVAS. RIVEST. MAT. ANALLERGICO,582.42
,61815853,RIP. ADATTAMENTO INVASATURA,72.56
,61815856,RIP. MANO REVERSIBILE,360.45
,61815859,RIP. REVISIONE MANO REVERSIBILE,90.74
,61815862,RIP. MANO IRREVERSIBILE,360.45
,61815865,RIP. REVISIONE MANO IRREVERSIBILE,90.74
,61815868,RIP. MOLTIPLICATORE DI AMPIEZZA,292.27
,61815871,RIP. REVISIONE MOLTIPLICATORE AMPIEZZ,54.43
,61815874,RIP. POLSO A ROTAZIONE PASSIVA,150.19
,61815877,RIP. REVISIONE POLSO A ROTAZIONE PASS,54.43
,61815880,RIP. POLSO A ROTAZIONE PASSIVA,298.07
,61815883,RIP. REVISONE POLSO ROTAZIONE PASSIVA,54.43
,61815886,RIP. POLSO CON ARTICOLAZIONE ATTIVA,528.43
,61815889,RIP. REVISIONE POLSO ARTICOL.ATTIVA,72.56
,61815892,RIP. POLSO ARTICOL.SFERICA PASSIVA,504.17
,61815895,RIP. REVISIONE ARTIC.SFERICA PASSIVA,72.56
,61815899,RIP. POLSO ELEME. GOM. CON BLOCCAGGIO,229.9
,61815904,RIP. INVOLUCRO MORBIDO,92.27
,61815907,RIP. GRUPPO DITA /INDICE MEDIO/,63.9
,61815910,RIP. POLLICE,58.43
,61815913,RIP. BIELLA E LEVA DI COLLEGAMENTO,97.61
,61815916,RIP. ATTACCO FILETTATO,72.17
,61815919,RIP. MOLLA CHIUSURA,82.64
,61818003,PROTESI PER DISARTICOLAZIONE SPALLA,1559.11
,61818009,PROTESI PER DISARTICOLAZIONE SPALLA,1641.87
,61821003,PROTESI AMPUTAZIONE SPALLA,1559.11
,61821009,PROTESI AMPUTAZIONE SPALLA,1641.87
,61821063,PROTESI PER DISARTICOLAZIONE SPALLA,11837.01
,61821066,PROTESI PER DISARTICOLAZIONE SPALLA,15255.51
,61821069,PROTESI PER DISARTICOLAZIONE SPALLA,15146.64
,61821072,PROTESI PER DISARTICOLAZIONE SPALLA,16053.87
,61821104,AGG. GUANTO COSMETICO DI RIVESTIMENTO,121.25
,61821106,AGG. POLSO A ROTAZIONE PASSIVA,58.72
,61821109,AGG. POLSO PLURIASSALE,177.27
,61821118,AGG. INVASATURA AD ADERENZA TOTALE,163.14
,61821121,AGG. INVASATURA AD ADERENZA TOTALE,103.87
,61821163,AGG. BRACCIALINO CON ASTE,1081.4
,61821166,AGG. MANIPOLATORE ELETTRICO,3659.44
,61821169,AGG. GUANTO DI RIVESTIMENTO COSMETICO,124.36
,61821181,AGG. RIVEST. TOTALE MATA. ANALLERGICO,110.5
,61821187,DIFFERENZA PER MANO ELETTROMECCANICA,2654.37
,61821190,ARTICOLAZIONE PLURIASSIALE SFERICA,907.23
,61821193,AGG. BATTERIA DI RISERVA,228.27
,61821503,RIP. SMONT. E RIMONT. DELLA MANO,31.13
,61821506,RIP. SMONT. E RIMONT. DEL POLSO,31.13
,61821509,RIP. SMONT. E RIMONT. DEL GOMITO,36.31
,61821512,RIP. SMONT. E RIMONT. DELLA SPALLA,43.35
,61821513,RIP. SMONT. E RIMONT. GUANTO COSMETI.,18.13
,61821515,RIP. RIP.ART.INTRA ED EXTRAROTATORIA,108.81
,61821521,RIP. ART.PER PROTESI DI SPALLA SFERIC,344.01
,61821524,RIP. REVISIONE ART.PROT.SPALLA SFERIC,36.31
,61821527,RIP. ART.SPALLA PLURIASSIALE,293.01
,61821530,RIP. REVISIONE ART.SPALLA PLURIASSIAL,36.31
,61821533,RIP. BRETELLAGGIO PER PROTESI BRACCIO,168.37
,61821536,RIP. BRETELLAGGIO PER DISART.SPALLA,168.37
,61821538,RIP. BRATEL. PER PROT. AMPUT. BRACCIO,64.96
,61821541,RIP. BRATELLAG. PROT. AMPUT. DI SPALL,81.9
,61821545,RIP. CALZA DI RIVEST.PER AMPUT.BRACCI,48.13
,61821548,RIP. CALZA DI RIVEST.DISART.BRACCIO,67.95
,61821560,RIP. GOMITO CON BLOCCAGGIO,302.3
,61821563,RIP. REVISIONE GOMITO CON BLOCCAGGIO,129.48
,61821566,RIP. GUANTO COSMETICO DI RIVESTIMENTO,130.32
,61821569,RIP. INVASATURA PER AMPUT.DI BRACCIO,491.9
,61821572,RIP. INVASATURA AD ADERENZA TOTALE,582.47
,61821575,RIP. ADATTAMENTO INVASATURA ADER.TOT.,72.56
,61821578,RIP. BRATELLAG. PER DISART. DI SPALLA,537.61
,61821584,RIP. ADATTAMENTO DISARTICOLAZ. SPALLA,72.56
,61821587,RIP. BRATELLAG. AMPUT. INTERSCAPOLARE,557.14
,61821593,RIP. ADATTAMENTO AMPUT. INTERSCAPOLAR,72.56
,61821596,RIP. INVOLUCRO MORBIDO,95.65
,61821599,RIP. MANO CON DITA RIGIDE,125.2
,61821611,RIP. MANO 4 DITA RIGIDE POLLICE ARTIC,209.13
,61821614,RIP. REVIS.MANO DITA RIGIDE POLL.ART.,72.56
,61821615,RIP. MANO TELAIO, MOLLA DI RICAMBIO,85.9
,61821618,RIP. MANO INDICE, MEDIO E POLLICE,142.88
,61821621,RIP. MANO ATTACCO FILETTATO,95.99
,61821623,RIP. POLSO FISSO,66.65
,61821635,RIP. POLSO PLURIASSIALE,214.03
,61821638,RIP. REVISIONE POLSO PLURIASSIALE,54.43
,61821641,RIP. RIVEST.PER AMPUTAZIONE DI BRACCI,132.69
,61821644,RIP. RIVEST.PER DISARTICOL.DI SPALLA,171.47
,61821647,RIP. RIVEST.PER AMPUTAZ.INTERSCAPOLAR,189.59
,61821650,RIP. TUBO DISTANZIATORE,82.24
,61821653,RIP. ELEMENTO DI COLLEGAMENTO TUBO,76.85
,61821710,RIP. GUANTO DI RIVESTIMENTO COSMETICO,133.47
,61821716,RIP. COMPLETA,3421.71
,61821719,RIP. TELAIO,87.2
,61821722,RIP. INVOLUCRO MORBIDO,89
,61821725,RIP. POLLICE,60.29
,61821728,RIP. MECCANISMO INTERNO,509.52
,61821731,RIP. DITA /INDICE MEDIO/,403.91
,61821734,RIP. REVISIONE MECCANISMO INTERNO,54.43
,61821737,RIP. FRIZIONE,201.58
,61821740,RIP. TELAIO COMPLETO,521.85
,61821741,RIP. REVISIONE TELAIO COMPLETA,40.65
,61821742,RIP. MOTORE E PRIMO RIDUTTORE,156.44
,61821743,RIP. COPPIA CONICA,145.58
,61821744,RIP. BLOCCAGGIO MOTORE,133.53
,61821746,RIP. PLANTARI, CORONA, MOLLA,99.87
,61821747,RIP. MOTORE ELETTRICO,175.08
,61821748,RIP. RIDUTTORE MOTORE,236.82
,61821749,RIP. POLSO A ROTAZIONE PASSIVA,313.44
,61821752,RIP. REVISONE POLSO ROTAZIONE PASSIVA,27.25
,61821753,RIP. FRIZIONE A SPINA COASSIALE,133.42
,61821755,RIP. POLSO A ROTAZIONE ATTIVA,605.67
,61821758,RIP. REVISONE POLSO A ROTAZIONE ATTIV,81.29
,61821759,RIP. POLSO A ROTAZIONE ELETTRICA,1885.61
,61821760,RIP. REVISIONE POLSO ROTAZIONE ELETTR,60.96
,61821761,RIP. RIDUZIONE A SPINA COASSIALE,638.88
,61821765,RIP. INVERTITORE DEL POLSO ELETTRICO,502.25
,61821766,RIP. MANO PER POLSO ELETTRICO,86.63
,61821767,RIP. ATTACCO PARTE MANO,621.99
,61821770,RIP. ATTACCO PARTE AVAMBRACCIO,161.95
,61821771,RIP. MOTORE ELETTRICO,214.25
,61821773,RIP. INVASATURA COMPL.PER AVAMBRACCIO,823.92
,61821776,RIP. ADATTAMENTO INVASAT.AVAMBRACCIO,111.52
,61821779,RIP. CALOTTA PER LA PRONO-SUPINAZIONE,249.27
,61821782,RIP. GOMITO COMPLETO ATTIVO,1392.82
,61821783,RIP. ASTA SUPER. GOMITO CINEMATICO,433.41
,61821784,RIP. ELEM. BLOCC. GOMITO CINEMATICO,272.35
,61821785,RIP. REVISIONE GOMITO COMPLETO ATTIVO,40.65
,61821786,RIP. CARTER PER GOMITO CINEMATICO,212.17
,61821788,RIP. ASTA DENTATA,471.63
,61821791,RIP. GOMITO ELETTRICO COMPLETO,4012.06
,61821792,RIP. MOTORE E PRIMO RIDUT. GOM. ELETR,524.94
,61821793,RIP. INTRA-EXTRAROTATORIA CON FRIZIO.,498.48
,61821794,RIP. MECCANISMO INTERNO,622.78
,61821795,RIP. SOSTITUZIONE DEI DUE MOTORI,232.44
,61821796,RIP. ELEMENTI BLOCCAGGIO AVAMBRACCIO,777.92
,61821797,RIP. INVOLUCRO ESTETICO,161.4
,61821800,RIP. TELAIO ESTERNO,2466.74
,61821803,RIP. REVISONE TOTALE GOMITO ELETTRICO,108.87
,61821804,RIP. CAVI MOTORE E MICRO PER GOM. ELE,155.65
,61821806,AVAMBRACCIO COMPLETO DI PROTESI,773.37
,61821809,RIP. INVASATURA COMPLETA PER BRACCIO,926.14
,61821812,RIP. ADATTAMENTO INVASATURA COMPLETA,111.52
,61821813,RIP. BRETELLAGGIO COMPLETO SEMPLICE,59.84
,61821814,RIP. BRETELLAGGIO COMPLETO,84.05
,61821815,RIP. BRETELLAGGIO COMPLETO,122.21
,61821821,RIP. SPALLA ARTICOLAZIONE E FRIZIONE,420.85
,61821824,RIP. REVISIONE ARTICOL.A FRIZIONE,81.4
,61821827,RIP. COLLEGAMENTO GOMITO SPALLA,203.73
,61821830,RIP. INVASATURA PER PATOLOGIE,1115.52
,61821831,RIP. INVAS. ARTICOLAZ. PASSIVA SPALLA,1248.26
,61821832,RIP. INVAS. ARTICOL. PASS. AVAMBRACCI,1193.82
,61821833,RIP. RIVESTIMENTO INTERNO ANALLERGICO,103.87
,61821836,RIP. BATTERIE,228.27
,61821839,RIP. REVISONE BATTERIE,177.05
,61821842,RIP. CARICA BATTERIA AUTOMATICO,238.57
,61821845,RIP. REVISONE CARICA BATTERIA AUTOMAT,150.98
,61821851,RIP. ELETTRODO PER AMPLIFICATORE,656.16
,61821854,RIP. REVISONE ELETTRODO PER AMPLIFIC.,356.79
,61821857,RIP. PARTE TERMINALE CIRCUITO ELETTR.,645.29
,61821860,RIP. REVISONE CIRCUITO ELETTRONICO,269.31
,61821863,RIP. CAVI COLLEGAMENTO CONNETTORI,71.33
,61821866,RIP. GRUPPO DI RACCORDO CON INTERRUTT,134.88
,61821869,RIP. CIRCUITO CAVI RACCORDO,85.46
,61821872,RIP. INTERRUTTORE A TRAZIONE,292.89
,61821875,RIP. DRIVER MULTICANALE,623.73
,61821878,RIP. RIPARAZ. PARZ. DRIVER MULTICANAL,269.31
,61821881,RIP. PORTA SPINA COASSIALE,108.53
,61821884,RIP. SPINA COASSIALE,139.55
,61821887,RIP. MICRO INTERRUTTORE,38.96
,61821899,RIP. MANIPOLARE ELETTRICO COMPLETO,3695.74
,61821900,RIP. MANIPOLARE ELETTRICO MOTORIDUTTO,1011.2
,61821901,RIP. MANIPOLARE ELETTRICO MOTORE,214.25
,61821902,RIP. RIDUTTORE,940.05
,61821905,RIP. REVISIONE,108.87
,61821908,RIP. BLOCCAGGIO CON RIDUTTORE,472.19
,61821911,RIP. ATTACCO RAPIDO,968.81
,61821912,RIP. PARTE TERMINALE CIRCUITO ELETTR.,601.16
,61821913,RIP. PORTA SPINA COASSIALE,106.84
,61821914,RIP. ELEM. PRESA SEMICOPERTURA GOMMA,593
,61821917,RIP. TUTTI I RIVESTIMENTI PLAS,286.7
,61821920,RIP. TELAIO,1183.08
,61821923,RIP. MANO TORRETTA,122.27
,61821926,RIP. MANO COPERTURA PLAS.ARTIC,104.76
,61821938,MANO MINIATURIZZATA PER BAMBINO,5541.28
,61821941,RIP. MANO ELETTRICA PER BAMBINO,1028.76
,61821944,RIP. MANO ELETTRICA PER BAMBINO,538.79
,62403003,PROTESI PER AMPUT. TRASMETATARSALE,521.57
,62403006,PROTESI PER AMP. TRASMETATARSALE,559.22
,62403009,PROTESI DI GAMBA TIPO LISFRANCE,577.35
,62406003,PROTESI DI GAMBA TIPO PIROGOFF,813.96
,62406006,PROTESI DI GAMBA TIPO PIROGOFF,1439.88
,62409003,PROTESI PROVVISORIA DI GAMBA,687.23
,62409006,PROTESI PROVVISORIA DI GAMBA,1031.87
,62409012,PROTESI TRADIZIONALE DI GAMBA,909.99
,62409015,PROTESI TRADIZIONALE DI GAMBA,1244.15
,62409018,PROTESI TRADIZIONALE DI GAMBA,1123.23
,62409021,PROTESI TRADIZIONALE DI GAMBA,1255.97
,62409024,PROTESI TRADIZIONALE DI GAMBA,1364.79
,62409033,CON APPOGGIO AL PIEDE (RIGIDO),1263.8
,62409036,PROTESI PER DEFORMITA' CONGENITA,1320.26
,62409039,PROTESI PER DEFORMITA'CONGENITA,1589.85
,62409063,PROTESI TEMPORANEA TRANSTIBIALE,994.66
,62409072,PROTESI DI GAMBA DI TIPO MODULARE,1266.78
,62409503,RIP. SMONT.E RIMONT.PIEDE,34.45
,62409506,RIP. PIEDE RIGIDO,SENZA PERNO,104.6
,62409509,RIP. PIEDE RIGIDO CON PARTE MALLEOLAR,176.14
,62409512,RIP. PIEDE ARTICOL.S/SNODO MALLEOLARE,93.78
,62409515,RIP. PIEDE ARTICOL.C/PARTE MALLEOLARE,164.1
,62409518,RIP. PIEDE ART.C/ARTIC.PLURIASSIALE,124.47
,62409521,RIP. PIEDE ART.C/PARTE MALLEOLARE,289.41
,62409524,RIP. PIEDE AMMORTIZZATORE ANTERIORE,3.77
,62409527,RIP. PIEDE AMMORTIZZATORE POSTERIORE,1.85
,62409530,RIP. PIEDE AMMORTIZZATORE A CULLA,12.77
,62409533,RIP. PIEDE CUNEO CALCANEARE,69.75
,62409536,RIP. PIEDE GUARNIZIONE ART.MALLEOLARE,22.57
,62409539,RIP. PIEDE PERNO FILETTATO FISSAGGIO,7.94
,62409542,RIP. PIEDE RIVESTIMENTO TOTALE,80.44
,62409545,RIP. PIEDE RIVEST.ART.MALLEOLARE A./P,31.24
,62409548,RIP. PIEDE SNODO MALLEOLARE,24.09
,62409551,RIP. PIEDE SNODO MALLEOLARE PLURIASS.,85.46
,62409554,RIP. PIEDE SUOLETTA CON AVAMPIEDE,60.12
,62409563,RIP. SMONT.E RIMONT.GAMBA,47.18
,62409566,RIP. ADATTAMENTO INVASATURA,100.26
,62409569,RIP. ALLACCIATURA ELEMENTO MOBILE,17.45
,62409584,RIP. ASTA ARTICOL.C/CUSCINETTO A SFER,195.45
,62409587,RIP. ASTA ARTICOLATA PARTE INFERIORE,107.57
,62409590,RIP. ASTA ARTICOLATA PARTE SUPERIORE,125.7
,62409593,RIP. CUSCINETTO A SFERE E VITE,19.14
,62409596,RIP. BLOCCAGGIO A PONTE ART.GINOCCHIO,198.66
,62409599,RIP. REVISIONE DEL BLOCCAGGIO A PONTE,36.31
,62409602,RIP. BRETELLA DI SOSPENSIONE,46.61
,62409605,RIP. ATTACCO CON FIBBIA,12.44
,62409608,RIP. CINGHIA,11.49
,62409611,RIP. COPRIARTICOLAZIONE,12.5
,62409614,RIP. COPRI ASTA E ARTICOLAZIONE,17.11
,62409617,RIP. COSCIALE CON ALLACC.SENZA ASTE,163.03
,62409620,RIP. COSCIALE ALLACCIATURE SENZA ASTE,207.22
,62409623,RIP. COSCIALE CON APPOGGIO ISCHIATICO,279.73
,62409625,RIP. COSCIALINO PER INVASATURA,39.46
,62409628,CUFFIA IN MATERIALE MORBIDO,226.52
,62409631,RIP. CUFFIA PER MONCONE PROTESI,270.16
,62409634,RIP. CUFFIA IN SILICONE,287.22
,62409637,RIP. ESTETIZZAZIONE IN ESPANSO ELAST.,107.3
,62409640,RIP. ESTETIZZAZIONE ANATOMICA,114.33
,62409643,RIP. INVASATURA NORMALE,371.88
,62409646,RIP. INVASAT.CON CUFFIA AD APP.TOTALE,473.32
,62409649,RIP. INVASAT.CON PARTE MALLEOLARE,500.63
,62409652,RIP. INVASAT.PER DEFORMITA'CONGENITA,446.58
,62409655,RIP. LAMINAZIONE IN RESINA GAMBALE,147.2
,62409658,RIP. LIMITATORE DI ESTENSIONE ART.GIN,31.63
,62409661,RIP. PARTE MALLEOLARE RISTILIZ.GAMBAL,147.66
,62409664,RIP. RIADATTAMENTO DEL COSCIALE E AST,77.35
,62409673,RIP. SOSPENSIONE A CINGHIA,39.63
,62409676,RIP. TRAZIONE ELASTICA ANTER. SEMPLIC,32.54
,62409679,RIP. TRAZIONE ELASTICA ANT.BIFORCATA,39.63
,62409682,RIP. VERNICIATURA INTERNA,83.04
,62412003,PROTESI DISARTICOLAZIONE GINOCCHIO,2195.17
,62415003,PROTESI TRADIZIONALE DI COSCIA,1349.19
,62415006,PROTESI TRADIZIONALE DI COSCIA,1350.6
,62415009,PROTESI TRADIZIONALE DI COSCIA,1368.72
,62415021,PROTESI PER AMPUTAZIONE DI COSCIA,1230.47
,62415030,PROTESI COSCIA DI TIPO MODULARE,1912.75
,62415042,PROTESI PER DEFORMITA' CONGENITA,1373.51
,62415045,PROTESI PER DEFORMITA' CONGENITA,1580.39
,62415051,PROTESI PER DEFORMITA' CONGENITA,1572.06
,62415054,PROTESI PER DEFORMITA' CONGENITA,1954.18
,62415503,RIP. SMONT.E RIMONT.COSCIA,36.31
,62415506,RIP. ADATTAMENTO INVASATURA,100.26
,62415509,RIP. ATTACCHI PER BRETELLA DOPPIA,17.68
,62415512,RIP. BOTTONE CON PIASTRINA PER SOSP.L,25.17
,62415515,RIP. BRETELLA DI SOSPENSIONE SEMPLICE,37.71
,62415518,RIP. BRETELLA DI SOSPENSIONE DOPPIA,50.84
,62415521,RIP. CARRUCOLA CON PIASTRINA PER TRAZ,29.89
,62415524,RIP. CINGHIA PER SOSPENSIONE LATERALE,20.66
,62415527,RIP. CINTURA BASSA CM.4 O PIU',49.99
,62415530,RIP. CINTURA ALTA CM.8 O PIU',98.01
,62415533,RIP. CORSETTO ARMATO MODEL.DI SOSPENS,128.97
,62415536,RIP. CUSCINETTO POSTERIORE,27.47
,62415539,RIP. ESTETIZZAZIONE IN ESPANSO ELAST.,144.57
,62415542,RIP. ESTETIZZAZIONE ANATOMICA,145.18
,62415545,AGG. FASCIA ADDOMINALE CM.12 O PIU',116.7
,62415548,RIP. FASCIA ADDOMINALE PER PROT.BIL.,136.4
,62415551,RIP. FODERA AL COSCIALE,84.21
,62415563,RIP. GINOCC.MECCANISMO DI BLOCCAGGIO,437.41
,62415566,RIP. REVISONE DEL GINOCCHIO,72.56
,62415569,RIP. GINOCC.A FRENO AUTOMATICO,520.77
,62415572,RIP. REVISIONE DEL GINOCCHIO,72.56
,62415575,RIP. GINOCCHIO A FRIZIONE,482.55
,62415578,RIP. REVISIONE DEL GINOCCHIO,72.56
,62415581,RIP. DEL GINOCCHIO MONOASSE,280.69
,62415584,RIP. REVISIONE DEL GINOCCHIO,54.43
,62415587,RIP. DEL GINOCCHIO POLICENTRICO,449.06
,62415590,RIP. REVISIONE DEL GINOCCHIO,72.56
,62415593,RIP. INVASATURA TIPO TRADIZIONALE,418.6
,62415596,INVASATURA TIPO A TENUTA PNEUMAT.,568.9
,62415599,RIP. INVASAT.TIPO AD ADERENZA TOTALE,568.9
,62415602,RIP. INVAS.PER DEFORMITA' CONGENITA,581.91
,62415605,RIP. LAMINAZIONE DI RESINA COSCIALE,172.87
,62415608,RIP. LAMINAZIONE IN RESINA GAMBALE,139.72
,62415611,RIP. MUTANDINA PER MONCONE CORTO,132.4
,62415614,RIP. PARTE MALLEOLARE C/RIST.GAMBALE,146.37
,62415617,RIP. PIASTRINA PER COMANDO ARRESTO,39.8
,62415620,RIP. RIDUZIONE VOLUMETRICO INVASATURA,141.69
,62415623,RIP. RINFORZO AL COSCIALE,87.98
,62415626,RIP. RINFORZO AL GAMBALE,87.98
,62415635,RIP. STILIZZAZIONE COSCIALE,120.47
,62415638,RIP. STILIZZAZIONE GAMBALE,120.47
,62415641,RIP. TIRANTE PER COMANDO ARRESTO,10.02
,62415644,RIP. TRAZIONE PER CARRUCOLA,17.56
,62415647,RIP. TRAZIONE ELASTICA ANTERIORE,35.81
,62415650,RIP. VALVOLA CON SEDE AD ANELLO,34.45
,62415653,RIP. VALVOLA,8.79
,62415658,RIP. VERNICIATURA INTERNA DEL COSCIAL,82.13
,62418503,RIP. SMONT E RIMONT.DISART.D'ANCA,45.38
,62418506,RIP. ALLAC.PRESA DI BACINO ELEM.MOBIL,17.45
,62418509,RIP. ARTICOLAZIONE DELL'ANCA,297.34
,62418512,RIP. DELL'ARTICOLAZIONE CON BLOCCAGGI,319.47
,62418515,RIP. PRESA BACINO SENZA ARTICOLAZIONE,665.85
,62418518,ANCA - ADATTAMENTO,100.26
,62418524,RIP. APPOGGIO TERMINALE IN SILICONE,195
,62421003,PROTESI PER DISARTICOLAZIONE D'ANCA,2692.76
,62421009,PROTESI PER DEFORMITA' CONGENITA,2729.07
,62421103,AGG. APPOGGIO ISCHIATICO,392.31
,62421106,AGG. BLOCCAGGIO DELL'ARTICOLAZ.ASTE,283.11
,62421107,AGG. PIEDE ARTICOLATO,84.67
,62421109,AGG. ROTATORE,134.09
,62421112,AGG. ESTETIZZAZIONE IN ESPANSO,107.3
,62421115,AGG. ESTETIZZAZIONE ANATOMICA,114.33
,62421118,AGG. TRAZIONE ELASTICA SEMPLICE,41.32
,62421121,AGG. TRAZIONE ELASTICA BIFORCATA,41.32
,62421124,AGG. MAGGIORAZIONE CUFFIA IN SILICONE,67.95
,62421127,MAGGIORAZIONE PER CUFFIA IN GOMMA ESP,43.63
,62421130,CUFFIA DI SCORTA IN MATERIALE MORBIDO,105.72
,62421133,CUFFIA DI SCORTA IN GOMMA ESPANSA,152.11
,62421136,CUFFIA DI SCORTA IN SILICONE,182.28
,62421139,RIVEST. IN PELLE DEL PIEDE (DONNA),56.75
,62421142,MAGGIORAZIONE PER PROTESI DA BAGNO,251.57
,62421163,AGG. BRETELLA DOPPIA DI SOSPENSIONE,102
,62421166,AGG. BRETELLA SEMPLICE DI SOSPENSIONE,52.35
,62421169,AGG. CINTURA CON ATTACCHI,110.22
,62421172,AGG. CORSETTO ARMATO MODELLATO,135.61
,62421175,AGG. FASCIA ADDOMINALE MODELLATA,126.66
,62421178,VariazAGG.APPOGGIO TERMINALE IN SILIC,87.54
,62421184,AGG. ARTICOLAZIONE SBLOCCABILE,335.8
,62421187,AGG. GINOCCH.CON BLOCCAGGIO MANUALE,186.73
,62421190,AGG. GINOCCHIO FRENO AUTOMATICO,306.52
,62421193,AGG. GINOCCHIO CON FRIZIONE,268.24
,62421196,AGG. GINOCCHIO POLICENTRICO,234.74
,62421199,AGG. MUTANDINA PROTESI MONCONE CORTO,135.73
,62421202,AGG. PIEDE ARTICOLAZIONE MALLEOLARE,146.53
,62421205,AGG. ROTATORE,141.3
,62421208,AGG. ESTETIZZAZIONE IN ESPANSO,144.57
,62421211,AGG. ESTETIZZAZIONE ANATOMICA,152.5
,62421214,AGG. ARTICOL.COXOFEMORALE CON CINTURA,178.28
,62421217,AGG. ANELLO IN SILICONE,141.92
,62421220,AGG. RIVESTIMENTO TOTALE TERMINALE,196.64
,62421223,SOSPENS. DIAGONALE TIPO SILESIAN,75.55
,62421226,RIV. IN PELLE DEL PIEDE (DONNA),65.87
,62421229,TRAZIONE ELASTICA ANTERIORE,55.79
,62421232,MAGGIORAZIONE PER PROTESI DA BAGNO,392.48
,62421235,AGG. ARTICOLAZIONE COXOFEMORALE,320.54
,62421253,AGG. ROTATORE,262.33
,62421256,AGG. CUFFIA IN SILICONE,67.95
,62421259,AGG. GAMBA APPOGGIO TERMINALE,124.07
,62421262,AGG. CINTURINO SOVRAROTULEO,49.09
,62421265,AGG. PIEDE ARTICOLATO,91.93
,62421268,AGG. STRUTTURA TUBOLARE IN TITANIO,441.62
,62421271,STRUTT. TUBOLARE IN POLIMERI RINFORZ,,597.17
,62421274,INVASATURA TIPO FLESSIBILE CON TELA.,580.84
,62421277,PIEDE ARTICOLATO PLURIASSALE,144.28
,62421280,ESTETIZZAZIONE ANATOMICA (DONNA),116.98
,62421283,CUFFIA IN GOMMA ESPANSA,43.63
,62421292,AGG. APPOGGIO ISCHIATICO,210.87
,62421295,AGG. CUFFIA IN SILICONE,190.61
,62421298,AGG. VAR. GINOC. PER DISARTICOLATO,514.58
,62421301,AGG. VAR. GINOC. PER DISARTICOLATO,870.08
,62421304,AGG. VAR. GINOC. PER DISARTICOLATO,1878.07
,62421307,ARTICOLAZIONE ADDIZIONALE,583.31
,62421310,FINO A LIVELLO TRANSFEMORALE,11.83
,62421313,AGG. GINOCCHIO CON BLOCCAGGIO MANUALE,93.78
,62421316,AGG. GINOCCHIO CON FRENO AUTOMATICO,113.32
,62421319,AGG. GINOCCHIO POLICENTRICO,225.06
,62421322,AGG. GINOCCHIO IDRAULICO,945.4
,62421325,AGG. MUTANDINA PROTESI MONCONE CORTO,120.75
,62421328,INVASATURA A CONTENIMENTO ISCHIATICO,452.66
,62421331,AGG. ARTICOLAZIONE COXOFEMORALE,308.88
,62421334,AGG. ARTICOLAZIONE COXOFEMORALE,476.92
,62421337,AGG. ANELLO IN SILICONE,110.34
,62421340,AGG. RIVESTIMENTO TOTALE,215.99
,62421343,APPOGGIO TERMINALE IN SILICONE,124.07
,62421346,STRUTTURA TUBOLARE IN LEGA DI TITANIO,508.72
,62421349,GINOCCHIO TITANIO CON BOLOCC. MANUALE,335
,62421352,GINOCCHIO IN TITANIO CON FRENO AUTO.,543.52
,62421355,POLICENTRICO,647.44
,62421358,VARIAZIONE GINOCCHIO IDRAUL. PNEUMATI,1165.4
,62421361,STRUTT. TUBOLARE AD ALTA RESUSTENZA,776.29
,62421364,GINOCCHIO IN TITANIO BLOCCAGGIO MAN.,1075.6
,62421367,GIONOCCHIO IN TITANIO CON FRENO AUT.,1029.44
,62421370,GINOCCHIO IN TITANIO IDRAULICO O PNE.,1815.2
,62421373,INVASATURA TIPO FLESSIBILE TELAIO AP.,734.3
,62421376,ESTETIZZAZIONE ANATOMICA DI GAMBA,152.5
,62421379,VARIAZ. GINOCCHIO POLIFUNZIONALE,1662.36
,62421382,VARAZIONE GINOCCHIO POLIFUNZIONALE,1875.09
,62421403,AGG. ARTICOLAZIONE DELL'ANCA,448.55
,62421406,AGG. BLOCCAGGIO DELL'ANCA,148.34
,62421409,AGG. BRETELLA DOPPIA DI SOSPENSIONE,81.46
,62421412,AGG. APPOGGIO TERMINALE AL SILICONE,214.48
,62421415,AGG. APPOGGIO SULLE CRESTE ILIACHE,107.8
,62421418,DISARTICOLATO D'ANCA IN LEGA TITANIO,1084.9
,62421503,RIP. SMONT.E RIMONT.PIEDE,41.77
,62421506,RIP. PIEDE RIGIDO,119.12
,62421509,RIP. PIEDE ARTICOLATO,149.85
,62421512,RIP. ATTACCO PER PIEDE RIGIDO,86.19
,62421515,RIP. ATTACCO PER PIEDE ARTICOLATO,152.11
,62421518,RIP. ATTACCO PIEDE ARTIC.PLURIASSIALE,152.67
,62421521,RIP. AMMORTIZZATORE POSTERIORE,6.37
,62421524,RIP. AMMORTIZ.A CULLA ART.PLURIASSIAL,18.63
,62421527,RIP. CUNEO CALCANEARE,29.83
,62421530,RIP. PERNO FILETTATO PER PIEDE RIGIDO,8.5
,62421563,RIP. SMONT. E RIMONT.ART.GINOCCHIO,45.38
,62421566,RIP. ATTACCO COLLEGAMENTO INVASATURA,116.59
,62421569,RIP. ATTACCO CON REGOLATORE,176.82
,62421572,RIP. ATTACCO CON REGOLATORE E TUBO,204.75
,62421575,RIP. BASE DI COLLEGAMENTO INVASATURA,283.38
,62421578,RIP. CALOTTA TERMINALE PIEDE RIGIDO,88.72
,62421581,RIP. CALOTTA TERMINALE PIEDE ARTICOL.,84.78
,62421584,RIP. CALZA MAGLIA DI RIVESTIMENTO,44.65
,62421587,RIP. COSCIALINO PER INVASATURA,40.47
,62421590,GAMBA - CUFFIA PROTESI MATERIALE MORB,226.81
,62421593,RIP. CUFFIA PER MONCONE PER PROTESI,270.16
,62421596,RIP. CUFFIA IN SILICONE,282.99
,62421602,RIP. INVASATURA AD APPOGGIO TOTALE,472.65
,62421605,INVASATURA TIPO FLESSIBILE,452.15
,62421608,RIP. POMELLO,26.06
,62421611,RIP. RIVESTIMENTO IN ESPANSO ELASTICO,172.87
,62421614,RIP. ESTETIZZAZIONE ANATOMICA,114.5
,62421617,RIP. ROTATORE,348.96
,62421620,RIP. REVISIONE ROTATORE,63.56
,62421623,APPOGGIO TERMINALE IN SILICONE,61.98
,62421656,RIP. SMONT.E RIMONT.DEL COSCIALE,36.31
,62421659,RIP. ATTACCO COLLEGAMENTO INVASATURA,116.59
,62421662,RIP. ATTACCO CON REGOLATORE,176.82
,62421665,RIP. ATTACCO CON REGOLATORE E TUBO,196.19
,62421668,RIP. BASE DI COLLEGAMENTO INVASATURA,278.77
,62421671,RIP. CALOTTA TERMINALE PIEDE RIGIDO,83.04
,62421674,RIP. CALOTTA TERMINALE PIEDE ARTICOL.,84.67
,62421677,RIP. CALZA MAGLIA DI RIVESTIMENTO,43.8
,62421680,RIP. GINOCC.CON MECCANISMO DI BLOCCAG,384.82
,62421683,RIP. GINOCCHIO CON FRENO AUTOMATICO,353.64
,62421686,RIP. MONOASSE,526.18
,62421689,RIP. GINOCCHIO POLICENTRICO,526.18
,62421692,GINOCCHIO COMPLETO IDRAULICO O PNE.,1246.51
,62421695,REVISIONE PER OGNI TIPO DI GINOCCHIO,72.56
,62421698,DISARTICOLAZIONE GINOCCHIO,646.82
,62421701,RIP. INVASATURA A TENUTA PNEUMATICA,563.73
,62421704,RIP. INVASATURA AD ADERENZA TOTALE,563.73
,62421707,RIP. INVASAT.PER DEFORMITA' CONGENITA,666.35
,62421710,RIP. RIVEST.COMPLETO IN ESPANSO ELAST,288
,62421713,RIP. ESTETIZZAZIONE ANATOMICA,145.18
,62421716,RIP. ANELLO IN TESSUTO,77.4
,62421719,RIP. ANELLO IN SILICONE,210.6
,62421722,RIP. RIVESTIMENTO TOTALE,336.86
,62421725,APPOGGIO TERMINALE IN SILICONE,124.07
,62421728,RIP. RIDUZIONE VOLUMETRICA INVASATURA,141.69
,62421731,GINOCCHIO TITANIO MONOASSE,626.27
,62421734,REVISIONE GINOCCHIO IN TITANIO,90.97
,62421737,GINOCCHIO IN TITANIO CON BOLOCC. MAN.,636.12
,62421740,REVISIONE,91.36
,62421743,GINOCCHIO CON FRENO AUTOMATICO,844.63
,62421746,REVISIONE,91.36
,62421749,GINOCCHIO POLICENTRICO,948.55
,62421752,REVISIONE,105.1
,62421755,GINOCCHIO IN TITANIO IDRAULICO,1466.63
,62421758,GIONOCCHIO IN TITANIO,162.57
,62421761,DISARTICOLAZIONE DI GINOCCHIO,1171.19
,62421764,REVISIONE,200.85
,62421767,VALVOLA CON SEDE AD ANELLO,35.04
,62421770,LA SOLA VALVOLA,8.79
,62421773,INVASATURA FLES. SENZA TELAIO SOSTEG.,566.59
,62421776,VALVOLA CON SEDE AD ANELLO,88.44
,62421779,GINOCCHIO - STRUTTURA PORTANTE,704.79
,62421782,MECCANISMO INTERNO MONOASSE LIBERO,470.78
,62421785,MECCANISMO INTERNO CON BLOCC. MANUAL.,975.96
,62421788,MECCANISMO INTERNO CON FRENO AUTOM.,1429.63
,62421791,DISPOSITIVO AUTOMATICO,929.18
,62421794,REVISIONE,181.43
,62421827,RIP. SMONT.E RIMONT.PRESA BACINO,72.56
,62421830,PRESA DI BACINO ELEM.MOBILE,11.99
,62421833,RIP. BLOCCAGGIO ALL'ANCA,169.1
,62421836,RIP. REVISIONE BLOCCAGGIO ALL'ANCA,59.22
,62421839,RIP. ARTICOLAZIONE ALL'ANCA,559.39
,62421842,RIP. REVISIONE ARTICOLAZIONE ALL'ANCA,72.56
,62421845,RIP. ARTICOLAZ. CON BLOCCAGGIO,619.62
,62421848,RIP. REVISIONE CON BLOCCAGGIO,72.56
,62421851,RIP. PRESA DI BACINO S/ARTIC.ALL'ANCA,665.85
,62421854,RIP. ADATTAMENTO PRESA DI BACINO,100.26
,62421857,RIP. APPOGGIO TERMINALE IN SILICONE,195
,62421860,ARTIC. DELL'ANCA IN TITANIO,1071.15
,62421863,REVISIONE,81.29
,62703003,RIEMP. ESTETIZZAZIONE DEL POLPACCIO,224.89
,63018003,PROTESI MAMMARIA ESTERNA PROVVISORIA,13.2
,63018006,PROTESI MAMMARIA ESTERNA DEFINITIVA,139.37
,63303003,CALZATURA ORTOPEDICA DI SERIE,87.25
,63303006,CALZATURA ORTOPEDICA DI SERIE,92.32
,63303009,CALZATURA ORTOPEDICA DI SERIE,97.39
,63303012,CALZATURA ORTOPEDICA DI SERIE,103.53
,63303015,CALZATURA ORTOPEDICA DI SERIE,109.83
,63303018,CALZATURA ORTOPEDICA DI SERIE,119.51
,63303021,CALZATURA ORTOPEDICA DI SERIE,119.51
,63303033,CALZATURA ORTOPEDICA DI SERIE,131.96
,63303036,CALZATURA ORTOPEDICA DI SERIE,137.08
,63303039,CALZATURA ORTOPEDICA DI SERIE,143.49
,63303042,CALZATURA ORTOPEDICA DI SERIE,150.81
,63303045,CALZATURA ORTOPEDICA DI SERIE,155.21
,63303048,CALZATURA ORTOPEDICA DI SERIE,155.21
,63303051,CALZATURA ORTOPEDICA DI SERIE,165.4
,63303063,CALZATURA ORTOPEDICA DI SERIE,165.22
,63303066,CALZATURA ORTOPEDICA DI SERIE,170.01
,63303069,CALZATURA ORTOPEDICA DI SERIE,182.9
,63303072,CALZATURA ORTOPEDICA DI SERIE,187.69
,63303075,CALZATURA ORTOPEDICA DI SERIE,199.62
,63303078,CALZATURA ORTOPEDICA DI SERIE,202.43
,63303081,CALZATURE ORTOPEDICHE DI SERIE,207.22
,63306003,CALZATURA ORTOPEDICA DI ACCOMPAGNO,163.3
,63306006,CALZATURA ORTOPEDICA DI ACCOMPAGNO,168.15
,63306009,CALZATURA ORTOPEDICA DI ACCOMPAGNO,177.72
,63306012,CALZATURA ORTOPEDICA PER PLANTARE,187.29
,63306015,CALZATURA ORTOPEDICA PER PLANTARE,192.47
,63306018,CALZATURA ORTOPEDICA PER PLANTARE,205.69
,63306021,CALZATURA ORTOPEDICA CON FORTI RIGIDI,217.41
,63306024,CALZATURA PER DEFORMITA`COMPLESSE,402.28
,63306027,CALZATURA PER DEFORMITA`COMPLESSE,353.13
,63306030,CALZATURA ORTOPEDICA CON RIALZO 2 cm.,252.48
,63306033,CALZATURA ORTOPEDICA CON RIALZO 2 cm.,251.57
,63306036,CALZATURA ORTOPEDICA CON RIALZO 2 CM.,265.48
,63306039,CALZATURA ORTOPEDICA CON RIALZO 2/4cm,256.08
,63306042,CALZATURA ORTOPEDICA CON RIALZO 2/4cm,268.07
,63306045,CALZATURA ORTOPEDICA CON RIALZO 2/4cm,277.64
,63306048,CALZATURA ORTOPEDICA CON RIALZO 4/8,310.52
,63306051,CALZATURA ORTOPEDICA CON RIALZO 8 cm,420.12
,63306054,CALZATURA ORTOPEDICA CON AVAMPIEDE,249.38
,63306057,CALZATURA ORTOPEDICA CON AVAMPIEDE,271.39
,63306060,CALZATURA ORTOPEDICA CON AVAMPIEDE,285.47
,63306063,CALZATURA ORTOPEDICA DI RIVESTIMENTO,212.68
,63306066,CALZATURA ORTOPEDICA DI RIVESTIMENTO,227.71
,63306069,CALZATURA ORTOPEDICA DI RIVESTIMENTO,237.62
,63306072,CALZATURA ORTOPEDICA DI RIVESTIMENTO,153.23
,63306075,CALZATURA ORTOPEDICA DI RIVESTIMENTO,224.1
,63306078,CALZATURA ORTOPEDICA DI RIVESTIMENTO,234.01
,63306081,CALZATURA ORTOPEDICA DI RIVESTIMENTO,212.56
,63306084,CALZATURA ORTOPEDICA DI RIVESTIMENTO,226.92
,63306087,CALZATURA ORTOPEDICA DI RIVESTIMENTO,236.94
,63306090,CALZ.DI RIVESTIMENTO RIALZO TUT.2/4,243.08
,63306093,CALZ.DI RIVESTIMENTO RIALZO TUT.4/8,272.01
,63306096,CALZ.DI RIVESTIMENTO RIALZO TUT. 8,315.86
,63306106,AGG. DOPPIA SUOLA,11.15
,63306109,AGG. FODERA IN MATERIALE MORBIDO,11.09
,63306112,AGG. FODERA IN PELO D'AGNELLO,16.49
,63306115,AGG. FORTE LATERALE,16.88
,63306118,AGG. FORTE BILATERALE,22.63
,63306121,AGG. MEZZA SUOLA ANTISDRUCCIOLO,9.57
,63306124,AGG. MODEL.E LAVORAZ.DA MONTAGNA,42.67
,63306133,AGG. MOLLA ESTERNA DI CODIVILLA,59.95
,63306145,AGG. MOLLA INTERSUOLA,18.91
,63306163,AGG. SPERONATURA TACCO E SUOLA,9.73
,63306166,AGG. FORMA A STIVALE,136.17
,63306169,AGG. SUOLA E TACCO ANTISDRUCCIOLO,25.84
,63306172,AGG. SUOLA E TACCO TIPO CARRARMATO,20.38
,63306178,AGG. TOMAIO ALTO DA cm.15 A cm.25,24.37
,63306181,AGG. TRAFORATURA DEL TOMAIO,10.92
,63306184,AGG. FORTE ARMATURA METALLICA,91.47
,63306187,AGG. SUOLETTA C/ATTACCO BAIONETTA,72.51
,63306190,AGG. IMBOTTITURA COMPENSO STIVALE,86.01
,63306202,AGG. PIANO INCLINATO TOTALE,23.14
,63306205,AGG. TACCO PROLUNGATO MED. LATERA,17.17
,63306208,NUMERATA SUPERIORE AI NUMERI MASSIMI,39.46
,63306211,GUARDOLO OLTRE MM.5,13.84
,63306214,CAMPANATURA ALLA SUOLA E AL TACCO,28.43
,63306503,RIP. SMONTAG.e RIMONT. DEL TACCO,5.85
,63306518,RIP. MOLLA ESTERNA DI CODIVILLA,23.64
,63306530,RIP. MOLLA INTERSUOLA,26.35
,63306533,RIP. RIMONTAGGIO DEL TOMAIO,131.56
,63306536,RIP. RISUOLATURA PARZIALE,22.13
,63306539,RIP. RISUOLATURA TOTALE,26.57
,63306542,RIP. SOPRATTACCO,7.31
,90312003,GUANTI DI PELLE DI RIVESTIMENTO,38.48
,90312006,GUANTI DI FILANCA DI RIVESTIMENTO,14.64
,90327003,CALZA DI LANA INTERA PER PARAPLEGICI,29.57
,90342003,CALZATURE RIVESTIMENTO PROTESI BASSE,52.39
,90342006,CALZATURE RIVESTIMENTO PROTESI ALTE,55.62
,90612003,CALZA COPRIMONCONE DI COTONE LEGGERO,4.16
,90612006,CALZA COPRIMONCONE DI LANA LEGGERA,5.99
,90612009,CALZA COPRIMONCONE DI NYLON,6.66
,90618003,COPRIMONCONE DI COTONE LEGGERO,5.58
,90618006,COPRIMONCONE DI LANA LEGGERA,8.34
,90618009,COPRIMONCONE DI NYLON,6.58
,90618015,CALZA TUBOLARE CON TIRANTE,5.91
,91203003,SEDIA PER WC E DOCCIA,360.44
,91224103,AGG. STAFFE DI BLICCAGGIO AL WC,0
,91224106,AGG. 4 RUOTE PIROETTANTI CON FRENO,0
,120303003,BASTONE BIANCO RIGIDO,7.98
,120303006,BASTONE BIANCO PIEGHEVOLE IN METALLO,0
,120306003,STAMPELLA REGOLABILE PARTE INFERIORE,12.6
,120306006,STAMPELLA C.S. CON AMMORTIZZATORE,16.5
,120312003,STAMPELLA CON APPOGGIO SOTTOASCELLARE,17.48
,120315003,TRIPODE REGOLABILE,16.5
,120315006,TRIPODE CON APPOGGIO ANTIBRACHIALE,17.48
,120318003,QUADRIPODE REGOLABILE,17.95
,120318006,QUADRIPODE CON APPOGGIO ANTIBRACHIALE,19.99
,120603003,DEAMBULATORE RIGIDO APPOGGIO TERRENO,67.42
,120603003,DEAMBULATORE RIGIDO APPOGGIO TERRENO,67.42
,120603006,DEAMBULATORE ARTICOLATO MECCANICO,118.04
,120603006,DEAMBULATORE ARTICOLATO MECCANICO,118.04
,120603006,DEAMBULATORE ARTICOLATO MECCANICO,118.04
,120606003,DEAMBULATORE CON DUE RUOTE,98.26
,120606003,DEAMBULATORE CON DUE RUOTE,98.26
,120606003,DEAMBULATORE CON DUE RUOTE,98.26
,120609003,DEAMBULATORE SCORREVOLE,113.85
,120609003,DEAMBULATORE SCORREVOLE,122.37
,120609003,DEAMBULATORE SCORREVOLE,130.72
,120609006,DEAMBULATORE SCORREVOLE,134.95
,120609006,DEAMBULATORE SCORREVOLE,134.95
,120609006,DEAMBULATORE SCORREVOLE,134.95
,120609009,DEAMBULATORE SCORREVOLE,151.86
,120609009,DEAMBULATORE SCORREVOLE,151.86
,120609009,DEAMBULATORE SCORREVOLE,151.86
,120609012,DEAMBULATORE SEDIA AVVOLGEN. BAMBINI,216.29
,120609015,DEAMBULATORE CON FASCIA DI APPOGGIO,101.17
,120609106,AGG. SEDILE IMBOTTITO e RIVESTITO,18.02
,120609109,AGG. REGOLAZIONE IN ALTEZZA,24.14
,120609112,AGG. DIVISORIO INTERMEDIO REG.,40.21
,120609115,AGG. SELLA DIVARICATRICE,34.99
,120609118,AGG. SOST. PETTORALE REGOLABILE,61.61
,120609121,AGG. SOSTEGNO PELVICO,48.57
,120609124,AGG. APPOGGIO ANTIBRACHIALE PAIO,60.04
,120609127,BARRE DI APPESANTIMENTO IN ACCIAIO,30.55
,120609130,TELAIO PIEGHEVOLE O SMONTABILE,38.14
,120609133,RUOTE CON ROTAZIONE FRIZIONATA (PAIO),30.81
,120609136,TAVOLO CON INCAVO REGOLABILE,60.04
,120609139,AGG. MUTANDA DI SOSTEGNO,34.99
,120609142,AGG. MANUBRIO REGOLABILE,19.32
,120609145,BLOCCHI DIREZIONALI SULLE RUOTE, PAIO,31.09
,121803003,BICICLETTA A 2 RUOTE,221.43
,121806003,TRICICLO A PEDALE,479.34
,121806006,TRICICLO A PEDALE,532.7
,121821103,AGG. DIVARICATORE IMBOTTITO,60.57
,121821106,AGG. SPALLIERA CONCAVA,73.29
,121821109,AGG. STAFFA CON IMPRONTA PIEDE,54.66
,121821112,SOSTEGNO PER CAVIGLIA REGOLABILE,41.61
,121821115,SOSTEGNO PER AVAMBRACCIO,46.78
,121821118,AGG. CAMBIO A TRE VELOCITA',39.19
,121821121,PEDIVELLA CON LUNGHEZZA REGOLABILE,49.09
,121821124,TRAZIONE CON DIFFERENZIALE (3 RUOTE),139.72
,121821127,AGG. SELLA LUNGA PER L'ABDUZIONE,0
,121821130,AGG. AMMORTIZ. AGLI STABILIZZATORI,0
,122103003,CARROZZINA MANOVRABILE,185.49
,122103006,CARROZZINA RECLINABILE,306.36
,122103009,CARROZZINA A TELAIO RIGIDO MANOVRABIL,0
,122106003,CARROZZINA IMBOTTITA AUTOSPINTA,382.38
,122106006,CARROZZINA IMBOTTITA AUTOSPINTA,355.37
,122106033,CARROZZINA PIEGHEVOLE USO INTERNO,392.99
,122106036,CARROZ. PIEGHE. TELAIO STABILIZZANTE,473.38
,122106039,CARROZ. PIEGHE. TELAIO STABILIZZANTE,473.38
,122106042,CARROZZINA PIEGHEVOLE DI TRANSITO,465.1
,122106045,CARROZZINA PIEGHEVOLE DI TRANSITO,465.1
,122106060,CARROZZINA PIEGHEVOLE SUPERLEGGERA,1607.8
,122109003,CARROZZINA IMBOTTITA AUTOSPINTA,382.38
,122109006,CARROZZINA IMBOTTITA AUTOSPINTA,355.37
,122115003,CARROZZELLA CON TRAZIONE A MANOVELLA,516.25
,122115006,CARROZZELLA CON TRAZIONE A MANOVELLA,516.25
,122127006,CARROZ. ELETTRICA PER USO INT./EST.,2843.52
,122127009,CARROZZINA ELETTRICA PER USO ESTERNO,4232.45
,122130003,MOTOCARROZZINA A TRE RUOTE,1637.61
,122130006,CARROZZELLA CON MOTORE A SCOPPIO,1457.13
,122403103,AGG. SISTEMA MONOGUIDA UNILATERAL,159.2
,122403106,TELAIO CROCIERA PER RIDUZIONE INGOMB.,73.65
,122403109,AGG. PEDANA REGOLABILE,82.58
,122403112,AGG. SISTEMA MONOGUIDA UNILATERALE,183.8
,122403115,AGG. CINTURINO FERMAPIEDI/TALLONE,18.63
,122403118,STRUTT.DOPPIA CROCIERA RINF.SUP.100kg,52.64
,122403121,STRUTTURA LEGGERA NON SUP. 15Kg,186.34
,122403124,AGG. MANUBRIO SNODABILE,43.41
,122403127,AGG. AVVIAMENTO ELETTRICO,237.11
,122403130,AGG. PARABREZZA,74.16
,122403133,SEGNALATORI DI DIREZIONE (DUE PAIA),105.49
,122403136,AGG. RETROMARCIA,0
,122403139,AGG. ALTEZZA-PARABREZZA ANTIGRAFFIO,0
,122403142,AGG. CAPPOTTA RIGIDA SMONT. VETRORES.,0
,122403145,AGG. COMANDO ELETTRONICO A BOCCA,209.8
,122403148,AGG. COMANDO ELETTRONICO A MENTO,170.91
,122403151,AGG. COMANDO ELETTRONICO A PIEDE,170.91
,122403154,AGG. COMANDO ELETTRONICO TAVOLO,154.87
,122403157,TELAIO VERT. CON AZIONAM. ELETTRICO,865.35
,122403160,AGG. SCHIENALE E POGGIAGAMBE ELETTRO.,402.38
,122403163,AGG. TELAIO PER TRASPORTO IN AUTO,745.28
,122403503,RIP. REV. DISPOSITIVI MOVIMENTO,0
,122403506,RIP. SMONT. E RIM. PARTI IN SOSTITUZ.,0
,122403509,RIP. APPOGGIAGAMBE ESTRAIBILI,0
,122403512,RIP. APPOGGIAGAMBE INCLINAZIONE REGO.,0
,122403553,RIP. REVISIONI DISPO. DI MOVIMENTO,40.93
,122403556,RIP. SMONT. E RIM. PARTI SOSTITUIBILI,24.55
,122403559,RIP. APPPGGIAGAMBE ESTRIBILI COMPLETE,43.07
,122403562,RIP. APPOGGIAGAMBE INCLINAZIONE REGO.,77.52
,122403603,RIP. REV. DISPOSITIVI MOVIMENTO,64.74
,122403606,RIP. SMONT E RIM. PARTI IN SOSTITUZ.,48.3
,122403609,RIP. APPOGGIAGAMBE ESTRAIBILI,42.34
,122403612,RIP. REGOLATORE ELETTRONICO INTEGRALE,677.5
,122406103,AGG. CINGHIA PETTORALE,20.89
,122406106,DIVARICATORE IMBOTTITO REGOLABILE,34.45
,122406109,AGG. CUSCINETTO DI SPINTA TRONCO,28.97
,122406112,AGG. SCHIENALE PROL. O POGGIATESTA,47.77
,122406115,AGG. PROTEZIONE LATERALE,44.54
,122406118,AGG. BRACCIOLI REGOLABILI (PAIO),44.91
,122406121,VARIAZIONE LARGEZZA INF.40CM 45-50CM,66.65
,122406124,VARIAZIONE LARGHEZZA SUPERIORE 50 CM,88.78
,122406127,AGG. IMBOTTITURA INTERNO FIANCHI,30.29
,122406130,AGG. RIVEST. SEDILE IMBOTTITO,0
,122406133,AGG. SEDILE SENZA CUCITURE,0
,122406136,AGG. CINGHIA PETTORALE,27.93
,122406139,AGG. CINGHIA A BRETELLAGGIO IMBOTTITA,65.19
,122406142,AGG. DIVARICATORE IMBOTTITO AL SEDILE,27.93
,122406145,AGG. DIVARICATORE IMBOTTITO AL TELAIO,74.53
,122406148,AGG. CUSCINETTO SPINTA TRONCO,73.29
,122406151,AGG. CUSCINO PER LORDOSI,49.99
,122406154,AGG. PROTEZIONE LATERALE,46.55
,122406157,AGG. SCHIENALE PROLUNGATO,55.9
,122406160,BRACCIOLO REGOLABILE ALTEZZA(AL PAIO),42.11
,122406163,AGG. SCHIENALE REGOLABILE,116.64
,122406166,AGG. SEDILE FORATO CON DISP. W.C.,50.61
,122406169,AGG. SEDILE RIGIDO IMBOTTITO,41.94
,122406172,BRACCIOLO RIDOTTO PER TAVOLO,29.62
,122406175,AGG. VARIAZIONE LARGHEZZA,83.82
,122406177,AGG. FIANCATA RIBALTABILE,32.9
,122406178,AGG. BRACCIOLO RIBALTABILE,62.13
,122406181,AGG. FIANCATE CHIUSE,57.2
,122406184,AGG. PORTAPACCHI,49.61
,122406503,RIP. SEDILE IMBOTTITO FONDO RIGIDO,0
,122406506,RIP. SCHIENALE IMBOTTITO FONDO RIGIDO,0
,122406509,RIP. PARTE IMBOTTITA DEI BRACCIOLI,0
,122406553,RIP. SEDILE IN MATERIALE LAVABILE,38.73
,122406556,RIP. SCHIENALE IN MATERIALE LAVABILE,38.73
,122406559,RIP. PARTE IMBOTTITA DEI BRACCIOLI,12.89
,122406603,RIP. SEDILE RIVES. MATERIALE LAVABILE,38.11
,122406606,RIP. SCHIENALE RIVES. MATERIALE LAVA.,38.11
,122406609,RIP. PARTE IMBOTTITA DEI BRACCIOLI,16.95
,122409103,DISPOS.TRAZIONE A MANOVELLA,148.82
,122409106,AGG. ANELLO AUTOSPINTA AL TIMONE,12.95
,122409603,RIP. MOTORIDUTTORE CARROZZINA ELETTR.,423.44
,122415103,AGG. TAVOLINO NORMALE,26.49
,122415106,TAVOLINO INCAVO AVVOLGENTE E BORDI,52.76
,122415109,AGG. TAVOLINO NORMALE,37.27
,122415112,AGG. TAVOLINO CON INCAVO E BORDI,74.53
,122418103,AGG. FRENI A TAMBURO,0
,122421103,AGG. 4 RUOTE DIAM.200 MM.,45.42
,122421106,DISP. ESTRAZ. RAPIDA RUOTE GRANDI,102.46
,122421109,POS.SPOSTAMENTO PERNI RUOTE GRANDI,36.02
,122421112,POS. SPOSTAM. FORCELLE RUOTE PICCOLE,63.95
,122421115,POSIZ. RUOTE SOTTO SEDILE ING. 55CM,63.95
,122421118,AGG. FORCELLA E AMMORT. IDRAULICI,0
,122421130,AGG. UNICICLO FRENO,FANALE,SE. ACUST.,890.97
,122421503,RIP. RUOTA GRANDE MAX. 650MM.,0
,122421506,RIP. RUOTA PICCOLA 200MM.,0
,122421553,RIP. RUOTA GRANDE MAX. 650MM.,43.07
,122421556,RIP. RUOTA PICCOLA MAX. 200MM.,17.22
,122421603,RIP. RUOTA MOTRICE COMPLETA,67.78
,122421606,RIP. RUOTA COMPLETA MOTOCARROZZINA,139.72
,122421609,RIP. RUOTA COMPLETA MOTOCARROZZINA,165.17
,122424603,RIP. BATTERIA DA 12V. CON ELETTROLITA,67.78
,122703003,PASSEGGINO CHIUDIBILE AD OMBRELLO,293.81
,122703006,PASSEGGINO RIDUCIBILE E/O CHIUDIBILE,683.46
,122703103,AGG. RIDUTTORE LARGHEZZA SEDILE,43.3
,122703106,AGG. CUNEO DIVARICATORE,50.48
,122703109,SCOCCA RIGIDA IMBOTT. SUPPLEMENTARE,129.5
,122703112,POGGIAPIEDI REGOLABILI E RIBALTABILI,42.81
,122703115,AGG. CINGHIA A BRETELLAGGIO IMBOTTITA,65.19
,122703118,AGG. DIVARICATORE IMBOTTITO REGOLABIL,41.94
,122703121,AGG. CUSCINETTO DI SPINTA LATERALE,49.99
,122703124,AGG. TAVOLINO NORMALE,37.27
,122703127,AGG. TAVOLINO CON INCAVO E BORDI,74.53
,122703130,AGG. CINTURINI FERMAPIEDI(PAIO),16.78
,122703133,POGG.TESTA REG. ALTEZZA,PROTEZIONI,63.95
,122703136,AGG. CUSCINO PER LORDOSI,49.54
,122703139,AGG. REGOLAZIONE ALTEZZA SCHIENALE,55.9
,122703142,AGG. REGOLAZIONE PROFONDITA' SEDILE,41.94
,122703145,AGG. REGOL. LARGHEZZA FIANCHETTI LAT.,66.03
,122703148,AGG. SUPPORTI LATERALI TRONCO (COPPIA,66.03
,122703151,AGG. BASCULAMENTO SISTEMA DI SEDUTA,135.5
,122703503,RIP. REVISIONE DISPOSITIVO MOVIMENTI,32.37
,122703506,RIP. SMONT E RIM. PARTI IN SOSTITUZI.,16.44
,122703509,RIP. SEDILE IN MAT. LAVABILE O SINTE.,59.27
,122703512,RIP. SCHIENALE MAT. LAVABILE O SINTE.,59.27
,122703515,RIP. APPOGGIAGAMBE A PEDANA REGOLABI.,50.84
,122703518,RIP. APPOGGIAGAMBE CON INCLINAZIONE,76.22
,123009103,AGG. SUPPORTO PER ALZARSI DAL LETTO,98.13
,123012006,MONTASCALE A RUOTE,3150.39
,123603003,SOLLEVATORE MOBILE + STRUTTURA BASE,543.93
,123603006,SOLLEVATORE MOBILE,877.98
,123603103,AGG. IMBRACATURA AD AMACA,56.81
,180918003,SEGGIOLONE NORMALE,318.5
,180918012,SEGGIOLONE POLIFUNZIONALE,1277.14
,180918103,AGG. CINGHIA PETTORALE,20.89
,180918106,AGG. CINGHIA A BRATELLAGGIO IMBOTTITA,0
,180918109,AGG. CINTURINO FERMA PIEDI,9.4
,180918112,AGG. DIVARICATORE IMBATTITO,34.99
,180918118,AGG. CUSCINETTO SPINTA LATERALE,29.23
,180918121,AGG. POGGIA TESTA IMBOTTITO,25.05
,180918124,POGGIATESTA IMBOTTITO PROTEZIONI,29.75
,180918127,SCHIENALE RIDUCIBILE IN ALTEZZA,51.18
,180918130,PEDANA CON REGOLAZIONE FLESSO-ESTENS.,20.89
,180918133,BASCULAMENTO/ASPORTAZIONE SCOCCA SUP.,90.35
,180918136,TELAIO REGOLABILE IN ALTEZZA,40.72
,180918139,POGGIAGAMBE A CASSETTA,101.33
,180918142,POGGIAPIEDI INTERO RIBALTABILE,31.87
,180918145,BRACCIOLI REGOLABILI IN ALTEZZA PAIO,45.94
,180918202,SIS. BASCULANTE SCHIENALE E POG.GAMBE,46.55
,180918205,POG.TESTA REG. ALTEZZA,PROF,INCLINAZ.,82.58
,180918208,PROLUNGA DELLO SCHIENALE REGOLABILE,51.28
,180918211,CUSCINETTO SPINTA LATERALE,INCL.REGOL,59.27
,180918214,,88.55
,180918217,PEDANA UNICA CON REGOL. INCLINAZIONE,111.8
,180918220,PEDANA SING. MULTIFUNZIONALE,158.13
,180918223,DIVARICATORE ANATOMICO IMBOTT. REGOL.,51.28
,180918226,CINGHIA CON BRETELLAGGIO,69.91
,180918229,TAVOLINO INCAVO E SUPP. AUTOLIVELLANT,121.09
,180918232,AGG. REGOLAZIONE FIANCHI E BRACCIOLI,83.82
,180918235,AGG. BASE PER ESTERNI,437.85
,180939003,SISTEMI POSTURA MODULARI X INTERNO,618.73
,180939006,SISTEMI POSTURA MODULARI X ESTERNO,642.26
,180939012,UNITA' POSTURALI PER BACINO,508.1
,180939015,UNITA' POSTURALI,627.11
,180939018,UNITA' POSTURALE PER TRONCO/BACINO,933.36
,180939021,UNITA' POSTURALE PER TRONCO/BACINO,1434.36
,180939024,UNITA' POSTURALE PER IL CAPO,235.13
,180939027,UNITA' POSTURALE PER IL CAPO,363.66
,180939030,UNITA' POSTURALE PER ARTO SUPERIORE,180.98
,180939033,UNITA' POSTURALE PER ARTO INFERIORE,229.79
,180939036,UNITA' POSTURALE PER ARTO INFERIORE,333.31
,180939103,AGG. REGOLAZIONE DELL'INCLINAZIONE,84.16
,180939133,AGG. REG. LUNGHEZZA SEDILE,152.06
,180939136,AGG. REG. ALTEZZA DELLO SCHIENALE,152.06
,180939139,AGG. ELEMENTI CONTENIMENTO LATERALI,106.06
,180939142,AGG. STABILIZZATORE PETTORALE,257.6
,180939145,AGG. CINGHIA A BRATELLAGGIO,106.06
,180939148,AGG. PELOTTA TORACALE,135.94
,180939151,AGG. PELOTTA FRONTALE CON SNODO,148.56
,180939154,AGG. APPOGGIO PALMARE DI VARIE FORME,33.66
,180939157,AGG. CUNEO DIVARICATORE ANATOMICO,139.72
,180939160,AGG. REGOLAZIONE LATERALE DIVARICATO.,42.89
,180939163,AGG. CINGHIA PELVICA,106.06
,180939166,AGG. REG. DELL'INTRA/EXTRA ROTAZIONE,58.94
,180939169,AGG. POGGIAGAMBE A CONTENIMENTO LATE.,126.27
,180939172,AGG. TAVOLINO INCAVO E REG. ALT. INC.,265.14
,181207003,LETTO A MANOVELLA REGOLABILE MANUALM.,232.41
,181207006,LETTO A DUE MANOVELLE REGOLABILI MAN.,284.05
,181207006,LETTO A DUE MANOVELLE REGOLABILI MAN.,284.05
,181210003,LETTO ARTICOLATO ELETTRICO,0
,181212103,BASE ELETTRICA PER LETTO REGOLABILE,0
,181212106,BASE PER LETTO REGOLABILE IN ALTEZZA,309.87
,181227103,SPONDE PER LETTO,98.13
,183012003,MONTASCALE MOBILE A CINGOLI,3718.49
,211506003,MACCH. DATTILOBRAILLE CM 22X35,416.52
,214206006,PANNELLI DI LETTERE O SIMBOLI PER LA,1231.47
,243603103,SET DI RUOTE (4 PZ) PER MOVIMENTAZIO.,0
,091203003FIOTO,SEDIA X DOCCIA ASL/FIOTO RUOTE 100,302.64
,091203103FIOTO,AGG. RUOTE CON DIAMETRO MM.600,723.04
,091224003FIOTO,RIALZO STABILIZZANTE PER WC,154.94
,181207006*,LETTO A DUE MANOVELLE REGOLABILI MAN.,284.05
